x_m,reference_z_m,sampled_5m_z_m,sampled_10m_z_m,sampled_30m_z_m
0.000000000,0.000000000,0.000000000,0.000000000,0.000000000
0.500000000,0.072336681,0.066209845,0.049753776,-0.007428440
1.000000000,0.144291283,0.132419691,0.099507552,-0.014856879
1.500000000,0.215483997,0.198629536,0.149261328,-0.022285319
2.000000000,0.285539542,0.264839382,0.199015103,-0.029713758
2.500000000,0.354089393,0.331049227,0.248768879,-0.037142198
3.000000000,0.420773970,0.397259073,0.298522655,-0.044570637
3.500000000,0.485244770,0.463468918,0.348276431,-0.051999077
4.000000000,0.547166434,0.529678764,0.398030207,-0.059427516
4.500000000,0.606218731,0.595888609,0.447783983,-0.066855956
5.000000000,0.662098455,0.662098455,0.497537758,-0.074284395
5.500000000,0.714521209,0.695396161,0.547291534,-0.081712835
6.000000000,0.763223085,0.728693867,0.597045310,-0.089141274
6.500000000,0.807962213,0.761991573,0.646799086,-0.096569714
7.000000000,0.848520175,0.795289279,0.696552862,-0.103998153
7.500000000,0.884703278,0.828586986,0.746306638,-0.111426593
8.000000000,0.916343680,0.861884692,0.796060413,-0.118855032
8.500000000,0.943300349,0.895182398,0.845814189,-0.126283472
9.000000000,0.965459871,0.928480104,0.895567965,-0.133711911
9.500000000,0.982737079,0.961777810,0.945321741,-0.141140351
10.000000000,0.995075517,0.995075517,0.995075517,-0.148568790
10.500000000,1.002447727,0.981066207,0.963374841,-0.155997230
11.000000000,1.004855359,0.967056898,0.931674165,-0.163425669
11.500000000,1.002329108,0.953047588,0.899973489,-0.170854109
12.000000000,0.994928468,0.939038279,0.868272813,-0.178282549
12.500000000,0.982741318,0.925028969,0.836572137,-0.185710988
13.000000000,0.965883333,0.911019660,0.804871461,-0.193139428
13.500000000,0.944497225,0.897010350,0.773170785,-0.200567867
14.000000000,0.918751823,0.883001040,0.741470109,-0.207996307
14.500000000,0.888840996,0.868991731,0.709769433,-0.215424746
15.000000000,0.854982421,0.854982421,0.678068757,-0.222853186
15.500000000,0.817416210,0.805590379,0.646368081,-0.230281625
16.000000000,0.776403401,0.756198337,0.614667405,-0.237710065
16.500000000,0.732224327,0.706806294,0.582966729,-0.245138504
17.000000000,0.685176862,0.657414252,0.551266053,-0.252566944
17.500000000,0.635574572,0.608022209,0.519565377,-0.259995383
18.000000000,0.583744762,0.558630167,0.487864701,-0.267423823
18.500000000,0.530026452,0.509238125,0.456164025,-0.274852262
19.000000000,0.474768278,0.459846082,0.424463349,-0.282280702
19.500000000,0.418326338,0.410454040,0.392762673,-0.289709141
20.000000000,0.361061998,0.361061998,0.361061998,-0.297137581
20.500000000,0.303339666,0.307155956,0.320723579,-0.304566020
21.000000000,0.245524555,0.253249915,0.280385161,-0.311994460
21.500000000,0.187980439,0.199343873,0.240046742,-0.319422899
22.000000000,0.131067428,0.145437832,0.199708324,-0.326851339
22.500000000,0.075139761,0.091531790,0.159369905,-0.334279778
23.000000000,0.020543647,0.037625749,0.119031487,-0.341708218
23.500000000,-0.032384846,-0.016280293,0.078693068,-0.349136657
24.000000000,-0.083321838,-0.070186334,0.038354650,-0.356565097
24.500000000,-0.131957597,-0.124092376,-0.001983768,-0.363993537
25.000000000,-0.177998417,-0.177998417,-0.042322187,-0.371421976
25.500000000,-0.221168394,-0.204769213,-0.082660605,-0.378850416
26.000000000,-0.261211078,-0.231540008,-0.122999024,-0.386278855
26.500000000,-0.297891020,-0.258310804,-0.163337442,-0.393707295
27.000000000,-0.330995167,-0.285081599,-0.203675861,-0.401135734
27.500000000,-0.360334133,-0.311852394,-0.244014279,-0.408564174
28.000000000,-0.385743309,-0.338623190,-0.284352698,-0.415992613
28.500000000,-0.407083825,-0.365393985,-0.324691116,-0.423421053
29.000000000,-0.424243347,-0.392164780,-0.365029534,-0.430849492
29.500000000,-0.437136708,-0.418935576,-0.405367953,-0.438277932
30.000000000,-0.445706371,-0.445706371,-0.445706371,-0.445706371
30.500000000,-0.449922719,-0.431211061,-0.416149894,-0.437438804
31.000000000,-0.449784165,-0.416715750,-0.386593416,-0.429171237
31.500000000,-0.445317101,-0.402220440,-0.357036938,-0.420903669
32.000000000,-0.436575653,-0.387725130,-0.327480461,-0.412636102
32.500000000,-0.423641281,-0.373229819,-0.297923983,-0.404368535
33.000000000,-0.406622198,-0.358734509,-0.268367506,-0.396100968
33.500000000,-0.385652628,-0.344239198,-0.238811028,-0.387833400
34.000000000,-0.360891899,-0.329743888,-0.209254550,-0.379565833
34.500000000,-0.332523379,-0.315248577,-0.179698073,-0.371298266
35.000000000,-0.300753267,-0.300753267,-0.150141595,-0.363030699
35.500000000,-0.265809240,-0.256135622,-0.120585117,-0.354763131
36.000000000,-0.227938965,-0.211517977,-0.091028640,-0.346495564
36.500000000,-0.187408490,-0.166900333,-0.061472162,-0.338227997
37.000000000,-0.144500516,-0.122282688,-0.031915685,-0.329960430
37.500000000,-0.099512574,-0.077665043,-0.002359207,-0.321692862
38.000000000,-0.052755105,-0.033047398,0.027197271,-0.313425295
38.500000000,-0.004549457,0.011570247,0.056753748,-0.305157728
39.000000000,0.044774177,0.056187892,0.086310226,-0.296890161
39.500000000,0.094878882,0.100805536,0.115866704,-0.288622593
40.000000000,0.145423181,0.145423181,0.145423181,-0.280355026
40.500000000,0.196063226,0.190984509,0.176785439,-0.272087459
41.000000000,0.246455002,0.236545836,0.208147696,-0.263819891
41.500000000,0.296256528,0.282107164,0.239509954,-0.255552324
42.000000000,0.345130051,0.327668492,0.270872211,-0.247284757
42.500000000,0.392744205,0.373229819,0.302234469,-0.239017190
43.000000000,0.438776140,0.418791147,0.333596726,-0.230749622
43.500000000,0.482913584,0.464352474,0.364958984,-0.222482055
44.000000000,0.524856849,0.509913802,0.396321241,-0.214214488
44.500000000,0.564320755,0.555475130,0.427683499,-0.205946921
45.000000000,0.601036457,0.601036457,0.459045756,-0.197679353
45.500000000,0.634753182,0.618199645,0.490408014,-0.189411786
46.000000000,0.665239837,0.635362832,0.521770271,-0.181144219
46.500000000,0.692286508,0.652526019,0.553132529,-0.172876652
47.000000000,0.715705815,0.669689207,0.584494786,-0.164609084
47.500000000,0.735334133,0.686852394,0.615857044,-0.156341517
48.000000000,0.751032661,0.704015582,0.647219301,-0.148073950
48.500000000,0.762688337,0.721178769,0.678581559,-0.139806383
49.000000000,0.770214588,0.738341957,0.709943816,-0.131538815
49.500000000,0.773551920,0.755505144,0.741306074,-0.123271248
50.000000000,0.772668332,0.772668332,0.772668332,-0.115003681
50.500000000,0.767559561,0.749828307,0.736552298,-0.106736114
51.000000000,0.758249154,0.726988283,0.700436265,-0.098468546
51.500000000,0.744788363,0.704148259,0.664320231,-0.090200979
52.000000000,0.727255865,0.681308234,0.628204198,-0.081933412
52.500000000,0.705757314,0.658468210,0.592088165,-0.073665844
53.000000000,0.680424719,0.635628186,0.555972131,-0.065398277
53.500000000,0.651415661,0.612788161,0.519856098,-0.057130710
54.000000000,0.618912342,0.589948137,0.483740065,-0.048863143
54.500000000,0.583120487,0.567108113,0.447624031,-0.040595575
55.000000000,0.544268088,0.544268088,0.411507998,-0.032328008
55.500000000,0.502604020,0.494876046,0.375391965,-0.024060441
56.000000000,0.458396510,0.445484004,0.339275931,-0.015792874
56.500000000,0.411931494,0.396091961,0.303159898,-0.007525306
57.000000000,0.363510859,0.346699919,0.267043865,0.000742261
57.500000000,0.313450577,0.297307876,0.230927831,0.009009828
58.000000000,0.262078758,0.247915834,0.194811798,0.017277395
58.500000000,0.209733620,0.198523792,0.158695765,0.025544963
59.000000000,0.156761387,0.149131749,0.122579731,0.033812530
59.500000000,0.103514148,0.099739707,0.086463698,0.042080097
60.000000000,0.050347664,0.050347664,0.050347664,0.050347664
60.500000000,-0.002380844,0.005272338,0.022491863,0.073669409
61.000000000,-0.054314926,-0.039802989,-0.005363939,0.096991154
61.500000000,-0.105101124,-0.084878316,-0.033219741,0.120312898
62.000000000,-0.154391185,-0.129953642,-0.061075542,0.143634643
62.500000000,-0.201844243,-0.175028969,-0.088931344,0.166956387
63.000000000,-0.247128955,-0.220104296,-0.116787146,0.190278132
63.500000000,-0.289925591,-0.265179622,-0.144642947,0.213599876
64.000000000,-0.329928043,-0.310254949,-0.172498749,0.236921621
64.500000000,-0.366845762,-0.355330276,-0.200354551,0.260243365
65.000000000,-0.400405603,-0.400405603,-0.228210352,0.283565110
65.500000000,-0.430353553,-0.411041879,-0.256066154,0.306886854
66.000000000,-0.456456361,-0.421678156,-0.283921955,0.330208599
66.500000000,-0.478503032,-0.432314432,-0.311777757,0.353530343
67.000000000,-0.496306185,-0.442950709,-0.339633559,0.376852088
67.500000000,-0.509703278,-0.453586986,-0.367489360,0.400173832
68.000000000,-0.518557669,-0.464223262,-0.395345162,0.423495577
68.500000000,-0.522759530,-0.474859539,-0.423200964,0.446817321
69.000000000,-0.522226595,-0.485495816,-0.451056765,0.470139066
69.500000000,-0.516904735,-0.496132092,-0.478912567,0.493460810
70.000000000,-0.506768369,-0.506768369,-0.506768369,0.516782555
70.500000000,-0.491820695,-0.471624541,-0.456091532,0.540104299
71.000000000,-0.472093750,-0.436480712,-0.405414695,0.563426044
71.500000000,-0.447648287,-0.401336884,-0.354737858,0.586747788
72.000000000,-0.418573483,-0.366193056,-0.304061021,0.610069533
72.500000000,-0.384986468,-0.331049227,-0.253384184,0.633391277
73.000000000,-0.347031689,-0.295905399,-0.202707348,0.656713022
73.500000000,-0.304880097,-0.260761571,-0.152030511,0.680034766
74.000000000,-0.258728180,-0.225617742,-0.101353674,0.703356511
74.500000000,-0.208796833,-0.190473914,-0.050676837,0.726678255
75.000000000,-0.155330086,-0.155330086,-0.000000000,0.750000000
75.500000000,-0.098593677,-0.089120240,0.050676837,0.773321745
76.000000000,-0.038873505,-0.022910395,0.101353674,0.796643489
76.500000000,0.023526050,0.043299451,0.152030511,0.819965234
77.000000000,0.088283921,0.109509296,0.202707348,0.843286978
77.500000000,0.155064245,0.175719141,0.253384184,0.866608723
78.000000000,0.223518350,0.241928987,0.304061021,0.889930467
78.500000000,0.293286824,0.308138832,0.354737858,0.913252212
79.000000000,0.364001646,0.374348678,0.405414695,0.936573956
79.500000000,0.435288373,0.440558523,0.456091532,0.959895701
80.000000000,0.506768369,0.506768369,0.506768369,0.983217445
80.500000000,0.578061056,0.571132092,0.553912567,1.006539190
81.000000000,0.648786188,0.635495816,0.601056765,1.029860934
81.500000000,0.718566113,0.699859539,0.648200964,1.053182679
82.000000000,0.787028027,0.764223262,0.695345162,1.076504423
82.500000000,0.853806203,0.828586986,0.742489360,1.099826168
83.000000000,0.918544167,0.892950709,0.789633559,1.123147912
83.500000000,0.980896832,0.957314432,0.836777757,1.146469657
84.000000000,1.040532555,1.021678156,0.883921955,1.169791401
84.500000000,1.097135115,1.086041879,0.931066154,1.193113146
85.000000000,1.150405603,1.150405603,0.978210352,1.216434890
85.500000000,1.200064200,1.180330276,1.025354551,1.239756635
86.000000000,1.245851849,1.210254949,1.072498749,1.263078379
86.500000000,1.287531791,1.240179622,1.119642947,1.286400124
87.000000000,1.324890974,1.270104296,1.166787146,1.309721868
87.500000000,1.357741318,1.300028969,1.213931344,1.333043613
88.000000000,1.385920827,1.329953642,1.261075542,1.356365357
88.500000000,1.409294542,1.359878316,1.308219741,1.379687102
89.000000000,1.427755333,1.389802989,1.355363939,1.403008846
89.500000000,1.441224523,1.419727662,1.402508137,1.426330591
90.000000000,1.449652336,1.449652336,1.449652336,1.449652336
90.500000000,1.453018174,1.431326310,1.413536302,1.432919903
91.000000000,1.451330717,1.413000285,1.377420269,1.416187470
91.500000000,1.444627844,1.394674260,1.341304235,1.399455037
92.000000000,1.432976375,1.376348235,1.305188202,1.382722605
92.500000000,1.416471647,1.358022209,1.269072169,1.365990172
93.000000000,1.395236909,1.339696184,1.232956135,1.349257739
93.500000000,1.369422553,1.321370159,1.196840102,1.332525306
94.000000000,1.339205175,1.303044134,1.160724069,1.315792874
94.500000000,1.304786490,1.284718109,1.124608035,1.299060441
95.000000000,1.266392083,1.266392083,1.088492002,1.282328008
95.500000000,1.224270024,1.212486042,1.052375969,1.265595575
96.000000000,1.178689343,1.158580000,1.016259935,1.248863143
96.500000000,1.129938386,1.104673959,0.980143902,1.232130710
97.000000000,1.078323049,1.050767917,0.944027869,1.215398277
97.500000000,1.024164910,0.996861876,0.907911835,1.198665844
98.000000000,0.967799268,0.942955834,0.871795802,1.181933412
98.500000000,0.909573100,0.889049793,0.835679769,1.165200979
99.000000000,0.849842950,0.835143751,0.799563735,1.148468546
99.500000000,0.788972761,0.781237710,0.763447702,1.131736114
100.000000000,0.727331668,0.727331668,0.727331668,1.115003681
100.500000000,0.665291759,0.669494856,0.683693926,1.098271248
101.000000000,0.603225819,0.611658043,0.640056184,1.081538815
101.500000000,0.541505081,0.553821231,0.596418441,1.064806383
102.000000000,0.480496980,0.495984418,0.552780699,1.048073950
102.500000000,0.420562942,0.438147606,0.509142956,1.031341517
103.000000000,0.362056204,0.380310793,0.465505214,1.014609084
103.500000000,0.305319692,0.322473981,0.421867471,0.997876652
104.000000000,0.250683969,0.264637168,0.378229729,0.981144219
104.500000000,0.198465256,0.206800355,0.334591986,0.964411786
105.000000000,0.148963543,0.148963543,0.290954244,0.947679353
105.500000000,0.102460807,0.119524870,0.247316501,0.930946921
106.000000000,0.059219344,0.090086198,0.203678759,0.914214488
106.500000000,0.019480216,0.060647526,0.160041016,0.897482055
107.000000000,-0.016538159,0.031208853,0.116403274,0.880749622
107.500000000,-0.048641281,0.001770181,0.072765531,0.864017190
108.000000000,-0.076659692,-0.027668492,0.029127789,0.847284757
108.500000000,-0.100449946,-0.057107164,-0.014509954,0.830552324
109.000000000,-0.119895409,-0.086545836,-0.058147696,0.813819891
109.500000000,-0.134906905,-0.115984509,-0.101785439,0.797087459
110.000000000,-0.145423181,-0.145423181,-0.145423181,0.780355026
110.500000000,-0.151411204,-0.131871554,-0.115866704,0.763622593
111.000000000,-0.152866282,-0.118319926,-0.086310226,0.746890161
111.500000000,-0.149812006,-0.104768298,-0.056753748,0.730157728
112.000000000,-0.142300028,-0.091216671,-0.027197271,0.713425295
112.500000000,-0.130409649,-0.077665043,0.002359207,0.696692862
113.000000000,-0.114247252,-0.064113415,0.031915685,0.679960430
113.500000000,-0.093945557,-0.050561788,0.061472162,0.663227997
114.000000000,-0.069662720,-0.037010160,0.091028640,0.646495564
114.500000000,-0.041581270,-0.023458532,0.120585117,0.629763131
115.000000000,-0.009906905,-0.009906905,0.150141595,0.613030699
115.500000000,0.025132868,0.035654423,0.179698073,0.596298266
116.000000000,0.063290214,0.081215750,0.209254550,0.579565833
116.500000000,0.104298582,0.126777078,0.238811028,0.562833400
117.000000000,0.147874430,0.172338406,0.268367506,0.546100968
117.500000000,0.193719057,0.217899733,0.297923983,0.529368535
118.000000000,0.241520520,0.263461061,0.327480461,0.512636102
118.500000000,0.290955638,0.309022388,0.357036938,0.495903669
119.000000000,0.341692061,0.354583716,0.386593416,0.479171237
119.500000000,0.393390397,0.400145044,0.416149894,0.462438804
120.000000000,0.445706371,0.445706371,0.445706371,0.445706371
120.500000000,0.498293029,0.493935576,0.480367953,0.438277932
121.000000000,0.550802940,0.542164780,0.515029534,0.430849492
121.500000000,0.602890408,0.590393985,0.549691116,0.423421053
122.000000000,0.654213667,0.638623190,0.584352698,0.415992613
122.500000000,0.704437058,0.686852394,0.619014279,0.408564174
123.000000000,0.753233149,0.735081599,0.653675861,0.401135734
123.500000000,0.800284820,0.783310804,0.688337442,0.393707295
124.000000000,0.845287272,0.831540008,0.722999024,0.386278855
124.500000000,0.887949956,0.879769213,0.757660605,0.378850416
125.000000000,0.927998417,0.927998417,0.792322187,0.371421976
125.500000000,0.965176035,0.949092376,0.826983768,0.363993537
126.000000000,0.999245645,0.970186334,0.861645350,0.356565097
126.500000000,1.029991046,0.991280293,0.896306932,0.349136657
127.000000000,1.057218371,1.012374251,0.930968513,0.341708218
127.500000000,1.080757314,1.033468210,0.965630095,0.334279778
128.000000000,1.100462213,1.054562168,1.000291676,0.326851339
128.500000000,1.116212978,1.075656127,1.034953258,0.319422899
129.000000000,1.127915852,1.096750085,1.069614839,0.311994460
129.500000000,1.135504013,1.117844044,1.104276421,0.304566020
130.000000000,1.138938002,1.138938002,1.138938002,0.297137581
130.500000000,1.138205984,1.120611977,1.107237327,0.289709141
131.000000000,1.133323826,1.102285952,1.075536651,0.282280702
131.500000000,1.124335011,1.083959927,1.043835975,0.274852262
132.000000000,1.111310371,1.065633902,1.012135299,0.267423823
132.500000000,1.094347652,1.047307876,0.980434623,0.259995383
133.000000000,1.073570906,1.028981851,0.948733947,0.252566944
133.500000000,1.049129720,1.010655826,0.917033271,0.245138504
134.000000000,1.021198284,0.992329801,0.885332595,0.237710065
134.500000000,0.989974300,0.974003776,0.853631919,0.230281625
135.000000000,0.955677750,0.955677750,0.821931243,0.222853186
135.500000000,0.918549514,0.910602424,0.790230567,0.215424746
136.000000000,0.878849862,0.865527097,0.758529891,0.207996307
136.500000000,0.836856822,0.820451770,0.726829215,0.200567867
137.000000000,0.792864435,0.775376444,0.695128539,0.193139428
137.500000000,0.747180906,0.730301117,0.663427863,0.185710988
138.000000000,0.700126665,0.685225790,0.631727187,0.178282549
138.500000000,0.652032355,0.640150463,0.600026511,0.170854109
139.000000000,0.603236745,0.595075137,0.568325835,0.163425669
139.500000000,0.554084596,0.549999810,0.536625159,0.155997230
140.000000000,0.504924483,0.504924483,0.504924483,0.148568790
140.500000000,0.456106600,0.463222190,0.479678259,0.141140351
141.000000000,0.407980536,0.421519896,0.454432035,0.133711911
141.500000000,0.360893069,0.379817602,0.429185811,0.126283472
142.000000000,0.315185962,0.338115308,0.403939587,0.118855032
142.500000000,0.271193797,0.296413014,0.378693362,0.111426593
143.000000000,0.229241844,0.254710721,0.353447138,0.103998153
143.500000000,0.189643987,0.213008427,0.328200914,0.096569714
144.000000000,0.152700721,0.171306133,0.302954690,0.089141274
144.500000000,0.118697229,0.129603839,0.277708466,0.081712835
145.000000000,0.087901545,0.087901545,0.252462242,0.074284395
145.500000000,0.060562831,0.079111391,0.227216017,0.066855956
146.000000000,0.036909759,0.070321236,0.201969793,0.059427516
146.500000000,0.017149030,0.061531082,0.176723569,0.051999077
147.000000000,0.001464011,0.052740927,0.151477345,0.044570637
147.500000000,-0.009986468,0.043950773,0.126231121,0.037142198
148.000000000,-0.017069183,0.035160618,0.100984897,0.029713758
148.500000000,-0.019677414,0.026370464,0.075738672,0.022285319
149.000000000,-0.017731689,0.017580309,0.050492448,0.014856879
149.500000000,-0.011180359,0.008790155,0.025246224,0.007428440
150.000000000,-0.000000000,-0.000000000,-0.000000000,-0.000000000
150.500000000,0.015804359,0.035143828,0.049753776,0.017571560
151.000000000,0.036199178,0.070287657,0.099507552,0.035143121
151.500000000,0.061122534,0.105431485,0.149261328,0.052714681
152.000000000,0.090484409,0.140575313,0.199015103,0.070286242
152.500000000,0.124167169,0.175719141,0.248768879,0.087857802
153.000000000,0.162026202,0.210862970,0.298522655,0.105429363
153.500000000,0.203890723,0.246006798,0.348276431,0.123000923
154.000000000,0.249564749,0.281150626,0.398030207,0.140572484
154.500000000,0.298828221,0.316294455,0.447783983,0.158144044
155.000000000,0.351438283,0.351438283,0.497537758,0.175715605
155.500000000,0.407130698,0.415802006,0.547291534,0.193287165
156.000000000,0.465621400,0.480165730,0.597045310,0.210858726
156.500000000,0.526608166,0.544529453,0.646799086,0.228430286
157.000000000,0.589772407,0.608893176,0.696552862,0.246001847
157.500000000,0.654781054,0.673256900,0.746306638,0.263573407
158.000000000,0.721288547,0.737620623,0.796060413,0.281144968
158.500000000,0.788938886,0.801984347,0.845814189,0.298716528
159.000000000,0.857367767,0.866348070,0.895567965,0.316288089
159.500000000,0.926204757,0.930711793,0.945321741,0.333859649
160.000000000,0.995075517,0.995075517,0.995075517,0.351431210
160.500000000,1.063604048,1.056066207,1.038374841,0.369002770
161.000000000,1.131414952,1.117056898,1.081674165,0.386574331
161.500000000,1.198135690,1.178047588,1.124973489,0.404145891
162.000000000,1.263398826,1.239038279,1.168272813,0.421717451
162.500000000,1.326844243,1.300028969,1.211572137,0.439289012
163.000000000,1.388121314,1.361019660,1.254871461,0.456860572
163.500000000,1.446891025,1.422010350,1.298170785,0.474432133
164.000000000,1.502828017,1.483001040,1.341470109,0.492003693
164.500000000,1.555622558,1.543991731,1.384769433,0.509575254
165.000000000,1.604982421,1.604982421,1.428068757,0.527146814
165.500000000,1.650634648,1.630590379,1.471368081,0.544718375
166.000000000,1.692327208,1.656198337,1.514667405,0.562289935
166.500000000,1.729830527,1.681806294,1.557966729,0.579861496
167.000000000,1.762938881,1.707414252,1.601266053,0.597433056
167.500000000,1.791471647,1.733022209,1.644565377,0.615004617
168.000000000,1.815274403,1.758630167,1.687864701,0.632576177
168.500000000,1.834219870,1.784238125,1.731164025,0.650147738
169.000000000,1.848208685,1.809846082,1.774463349,0.667719298
169.500000000,1.857170017,1.835454040,1.817762673,0.685290859
170.000000000,1.861061998,1.861061998,1.861061998,0.702862419
170.500000000,1.859871988,1.838221973,1.820723579,0.720433980
171.000000000,1.853616659,1.815381949,1.780385161,0.738005540
171.500000000,1.842341902,1.792541925,1.740046742,0.755577101
172.000000000,1.826122561,1.769701900,1.699708324,0.773148661
172.500000000,1.805061985,1.746861876,1.659369905,0.790720222
173.000000000,1.779291415,1.724021852,1.619031487,0.808291782
173.500000000,1.748969201,1.701181827,1.578693068,0.825863343
174.000000000,1.714279847,1.678341803,1.538354650,0.843434903
174.500000000,1.675432914,1.655501779,1.498016232,0.861006463
175.000000000,1.632661754,1.632661754,1.457677813,0.878578024
175.500000000,1.586222117,1.574824942,1.417339395,0.896149584
176.000000000,1.536390607,1.516988129,1.377000976,0.913721145
176.500000000,1.483463027,1.459151317,1.336662558,0.931292705
177.000000000,1.427752601,1.401314504,1.296324139,0.948864266
177.500000000,1.369588091,1.343477692,1.255985721,0.966435826
178.000000000,1.309311824,1.285640879,1.215647302,0.984007387
178.500000000,1.247277638,1.227804066,1.175308884,1.001578947
179.000000000,1.183848757,1.169967254,1.134970466,1.019150508
179.500000000,1.119395614,1.112130441,1.094632047,1.036722068
180.000000000,1.054293629,1.054293629,1.054293629,1.054293629
180.500000000,0.988920960,0.993788939,1.008850106,1.062561196
181.000000000,0.923656241,0.933284250,0.963406584,1.070828763
181.500000000,0.858876317,0.872779560,0.917963062,1.079096331
182.000000000,0.794953989,0.812274870,0.872519539,1.087363898
182.500000000,0.732255795,0.751770181,0.827076017,1.095631465
183.000000000,0.671139820,0.691265491,0.781632494,1.103899032
183.500000000,0.611953571,0.630760802,0.736188972,1.112166600
184.000000000,0.555031907,0.570256112,0.690745450,1.120434167
184.500000000,0.500695059,0.509751423,0.645301927,1.128701734
185.000000000,0.449246733,0.449246733,0.599858405,1.136969301
185.500000000,0.400972322,0.418864378,0.554414883,1.145236869
186.000000000,0.356137228,0.388482023,0.508971360,1.153504436
186.500000000,0.314985311,0.358099667,0.463527838,1.161772003
187.000000000,0.277737466,0.327717312,0.418084315,1.170039570
187.500000000,0.244590351,0.297334957,0.372640793,1.178307138
188.000000000,0.215715254,0.266952602,0.327197271,1.186574705
188.500000000,0.191257126,0.236570247,0.281753748,1.194842272
189.000000000,0.171333771,0.206187892,0.236310226,1.203109839
189.500000000,0.156035204,0.175805536,0.190866704,1.211377407
190.000000000,0.145423181,0.145423181,0.145423181,1.219644974
190.500000000,0.139530904,0.159918492,0.176785439,1.227912541
191.000000000,0.138362898,0.174413802,0.208147696,1.236180109
191.500000000,0.141895065,0.188909112,0.239509954,1.244447676
192.000000000,0.150074918,0.203404423,0.270872211,1.252715243
192.500000000,0.162821982,0.217899733,0.302234469,1.260982810
193.000000000,0.180028372,0.232395044,0.333596726,1.269250378
193.500000000,0.201559537,0.246890354,0.364958984,1.277517945
194.000000000,0.227255164,0.261385665,0.396321241,1.285785512
194.500000000,0.256930244,0.275880975,0.427683499,1.294053079
195.000000000,0.290376285,0.290376285,0.459045756,1.302320647
195.500000000,0.327362671,0.338605490,0.490408014,1.310588214
196.000000000,0.367638152,0.386834695,0.521770271,1.318855781
196.500000000,0.410932461,0.435063899,0.553132529,1.327123348
197.000000000,0.456958047,0.483293104,0.584494786,1.335390916
197.500000000,0.505411909,0.531522308,0.615857044,1.343658483
198.000000000,0.555977528,0.579751513,0.647219301,1.351926050
198.500000000,0.608326874,0.627980718,0.678581559,1.360193617
199.000000000,0.662122484,0.676209922,0.709943816,1.368461185
199.500000000,0.717019598,0.724439127,0.741306074,1.376728752
200.000000000,0.772668332,0.772668332,0.772668332,1.384996319
200.500000000,0.828715882,0.824828307,0.811552298,1.393263886
201.000000000,0.884808748,0.876988283,0.850436265,1.401531454
201.500000000,0.940594946,0.929148259,0.889320231,1.409799021
202.000000000,0.995726224,0.981308234,0.928204198,1.418066588
202.500000000,1.049860239,1.033468210,0.967088165,1.426334156
203.000000000,1.102662701,1.085628186,1.005972131,1.434601723
203.500000000,1.153809462,1.137788161,1.044856098,1.442869290
204.000000000,1.202988536,1.189948137,1.083740065,1.451136857
204.500000000,1.249902049,1.242108113,1.122624031,1.459404425
205.000000000,1.294268088,1.294268088,1.161507998,1.467671992
205.500000000,1.335822458,1.319876046,1.200391965,1.475939559
206.000000000,1.374320316,1.345484004,1.239275931,1.484207126
206.500000000,1.409537694,1.371091961,1.278159898,1.492474694
207.000000000,1.441272877,1.396699919,1.317043865,1.500742261
207.500000000,1.469347652,1.422307876,1.355927831,1.509009828
208.000000000,1.493608400,1.447915834,1.394811798,1.517277395
208.500000000,1.513927037,1.473523792,1.433695765,1.525544963
209.000000000,1.530201793,1.499131749,1.472579731,1.533812530
209.500000000,1.542357827,1.524739707,1.511463698,1.542080097
210.000000000,1.550347664,1.550347664,1.550347664,1.550347664
210.500000000,1.554151478,1.536338355,1.522491863,1.548669409
211.000000000,1.553777178,1.522329045,1.494636061,1.546991154
211.500000000,1.549260339,1.508319736,1.466780259,1.545312898
212.000000000,1.540663948,1.494310426,1.438924458,1.543634643
212.500000000,1.528077981,1.480301117,1.411068656,1.541956387
213.000000000,1.511618813,1.466291807,1.383212854,1.540278132
213.500000000,1.491428456,1.452282498,1.355357053,1.538599876
214.000000000,1.467673642,1.438273188,1.327501251,1.536921621
214.500000000,1.440544748,1.424263879,1.299645449,1.535243365
215.000000000,1.410254569,1.410254569,1.271789648,1.533565110
215.500000000,1.377036958,1.368552275,1.243933846,1.531886854
216.000000000,1.341145324,1.326849982,1.216078045,1.530208599
216.500000000,1.302851015,1.285147688,1.188222243,1.528530343
217.000000000,1.262441582,1.243445394,1.160366441,1.526852088
217.500000000,1.220218946,1.201743100,1.132510640,1.525173832
218.000000000,1.176497464,1.160040806,1.104654838,1.523495577
218.500000000,1.131601933,1.118338513,1.076799036,1.521817321
219.000000000,1.085865509,1.076636219,1.048943235,1.520139066
219.500000000,1.039627587,1.034933925,1.021087433,1.518460810
220.000000000,0.993231631,0.993231631,0.993231631,1.516782555
220.500000000,0.947022983,0.953375459,0.968908468,1.515104299
221.000000000,0.901346656,0.913519288,0.944585305,1.513426044
221.500000000,0.856545130,0.873663116,0.920262142,1.511747788
222.000000000,0.812956159,0.833806944,0.895938979,1.510069533
222.500000000,0.770910607,0.793950773,0.871615816,1.508391277
223.000000000,0.730730329,0.754094601,0.847292652,1.506713022
223.500000000,0.692726103,0.714238429,0.822969489,1.505034766
224.000000000,0.657195627,0.674382258,0.798646326,1.503356511
224.500000000,0.624421605,0.634526086,0.774323163,1.501678255
225.000000000,0.594669914,0.594669914,0.750000000,1.500000000
225.500000000,0.568187885,0.585879760,0.725676837,1.498321745
226.000000000,0.545202688,0.577089605,0.701353674,1.496643489
226.500000000,0.525919851,0.568299451,0.677030511,1.494965234
227.000000000,0.510521903,0.559509296,0.652707348,1.493286978
227.500000000,0.499167169,0.550719141,0.628384184,1.491608723
228.000000000,0.491988708,0.541928987,0.604061021,1.489930467
228.500000000,0.489093406,0.533138832,0.579737858,1.488252212
229.000000000,0.490561239,0.524348678,0.555414695,1.486573956
229.500000000,0.496444695,0.515558523,0.531091532,1.484895701
230.000000000,0.506768369,0.506768369,0.506768369,1.483217445
230.500000000,0.521528734,0.540066075,0.553912567,1.481539190
231.000000000,0.540694084,0.573363781,0.601056765,1.479860934
231.500000000,0.564204650,0.606661487,0.648200964,1.478182679
232.000000000,0.591972894,0.639959194,0.695345162,1.476504423
232.500000000,0.623883979,0.673256900,0.742489360,1.474826168
233.000000000,0.659796399,0.706554606,0.789633559,1.473147912
233.500000000,0.699542785,0.739852312,0.836777757,1.471469657
234.000000000,0.742930870,0.773150018,0.883921955,1.469791401
234.500000000,0.789744604,0.806447725,0.931066154,1.468113146
235.000000000,0.839745431,0.839745431,0.978210352,1.466434890
235.500000000,0.892673690,0.900736121,1.025354551,1.464756635
236.000000000,0.948250164,0.961726812,1.072498749,1.463078379
236.500000000,1.006177744,1.022717502,1.119642947,1.461400124
237.000000000,1.066143206,1.083708193,1.166787146,1.459721868
237.500000000,1.127819094,1.144698883,1.213931344,1.458043613
238.000000000,1.190865694,1.205689574,1.261075542,1.456365357
238.500000000,1.254933078,1.266680264,1.308219741,1.454687102
239.000000000,1.319663229,1.327670955,1.355363939,1.453008846
239.500000000,1.384692200,1.388661645,1.402508137,1.451330591
240.000000000,1.449652336,1.449652336,1.449652336,1.449652336
240.500000000,1.514174496,1.506326310,1.488536302,1.432919903
241.000000000,1.577890311,1.563000285,1.527420269,1.416187470
241.500000000,1.640434426,1.619674260,1.566304235,1.399455037
242.000000000,1.701446733,1.676348235,1.605188202,1.382722605
242.500000000,1.760574572,1.733022209,1.644072169,1.365990172
243.000000000,1.817474891,1.789696184,1.682956135,1.349257739
243.500000000,1.871816353,1.846370159,1.721840102,1.332525306
244.000000000,1.923281369,1.903044134,1.760724069,1.315792874
244.500000000,1.971568052,1.959718109,1.799608035,1.299060441
245.000000000,2.016392083,2.016392083,1.838492002,1.282328008
245.500000000,2.057488462,2.037486042,1.877375969,1.265595575
246.000000000,2.094613149,2.058580000,1.916259935,1.248863143
246.500000000,2.127544585,2.079673959,1.955143902,1.232130710
247.000000000,2.156085067,2.100767917,1.994027869,1.215398277
247.500000000,2.180061985,2.121861876,2.032911835,1.198665844
248.000000000,2.199328909,2.142955834,2.071795802,1.181933412
248.500000000,2.213766518,2.164049793,2.110679769,1.165200979
249.000000000,2.223283357,2.185143751,2.149563735,1.148468546
249.500000000,2.227816440,2.206237710,2.188447702,1.131736114
250.000000000,2.227331668,2.227331668,2.227331668,1.115003681
250.500000000,2.221824081,2.200560873,2.183693926,1.098271248
251.000000000,2.211317923,2.173790078,2.140056184,1.081538815
251.500000000,2.195866544,2.147019282,2.096418441,1.064806383
252.000000000,2.175552113,2.120248487,2.052780699,1.048073950
252.500000000,2.150485166,2.093477692,2.009142956,1.031341517
253.000000000,2.120803972,2.066706896,1.965505214,1.014609084
253.500000000,2.086673739,2.039936101,1.921867471,0.997876652
254.000000000,2.048285654,2.013165305,1.878229729,0.981144219
254.500000000,2.005855767,1.986394510,1.834591986,0.964411786
255.000000000,1.959623715,1.959623715,1.790954244,0.947679353
255.500000000,1.909851318,1.899119025,1.747316501,0.930946921
256.000000000,1.856821029,1.838614335,1.703678759,0.914214488
256.500000000,1.800834263,1.778109646,1.660041016,0.897482055
257.000000000,1.742209609,1.717604956,1.616403274,0.880749622
257.500000000,1.681280943,1.657100267,1.572765531,0.864017190
258.000000000,1.618395441,1.596595577,1.529127789,0.847284757
258.500000000,1.553911518,1.536090888,1.485490046,0.830552324
259.000000000,1.488196695,1.475586198,1.441852304,0.813819891
259.500000000,1.421625417,1.415081508,1.398214561,0.797087459
260.000000000,1.354576819,1.354576819,1.354576819,0.780355026
260.500000000,1.287432474,1.293128446,1.309133296,0.763622593
261.000000000,1.220574125,1.231680074,1.263689774,0.746890161
261.500000000,1.154381411,1.170231702,1.218246252,0.730157728
262.000000000,1.089229613,1.108783329,1.172802729,0.713425295
262.500000000,1.025487426,1.047334957,1.127359207,0.696692862
263.000000000,0.963514766,0.985886585,1.081915685,0.679960430
263.500000000,0.903660643,0.924438212,1.036472162,0.663227997
264.000000000,0.846261087,0.862989840,0.991028640,0.646495564
264.500000000,0.791637168,0.801541468,0.945585117,0.629763131
265.000000000,0.740093095,0.740093095,0.900141595,0.613030699
265.500000000,0.691914430,0.710654423,0.854698073,0.596298266
266.000000000,0.647366408,0.681215750,0.809254550,0.579565833
266.500000000,0.606692382,0.651777078,0.763811028,0.562833400
267.000000000,0.570112412,0.622338406,0.718367506,0.546100968
267.500000000,0.537821982,0.592899733,0.672923983,0.529368535
268.000000000,0.509990878,0.563461061,0.627480461,0.512636102
268.500000000,0.486762220,0.534022388,0.582036938,0.495903669
269.000000000,0.468251655,0.504583716,0.536593416,0.479171237
269.500000000,0.454546718,0.475145044,0.491149894,0.462438804
270.000000000,0.445706371,0.445706371,0.445706371,0.445706371
270.500000000,0.441760707,0.462869559,0.480367953,0.463277932
271.000000000,0.442710836,0.480032746,0.515029534,0.480849492
271.500000000,0.448528944,0.497195934,0.549691116,0.498421053
272.000000000,0.459158534,0.514359121,0.584352698,0.515992613
272.500000000,0.474514834,0.531522308,0.619014279,0.533564174
273.000000000,0.494485381,0.548685496,0.653675861,0.551135734
273.500000000,0.518930773,0.565848683,0.688337442,0.568707295
274.000000000,0.547685587,0.583011871,0.722999024,0.586278855
274.500000000,0.580559445,0.600175058,0.757660605,0.603850416
275.000000000,0.617338246,0.617338246,0.792322187,0.621421976
275.500000000,0.657785524,0.669498221,0.826983768,0.638993537
276.000000000,0.701643960,0.721658197,0.861645350,0.656565097
276.500000000,0.748636999,0.773818173,0.896306932,0.674136657
277.000000000,0.798470603,0.825978148,0.930968513,0.691708218
277.500000000,0.850835090,0.878138124,0.965630095,0.709279778
278.000000000,0.905407080,0.930298100,1.000291676,0.726851339
278.500000000,0.961851515,0.982458075,1.034953258,0.744422899
279.000000000,1.019823748,1.034618051,1.069614839,0.761994460
279.500000000,1.078971691,1.086778027,1.104276421,0.779566020
280.000000000,1.138938002,1.138938002,1.138938002,0.797137581
280.500000000,1.199362306,1.195611977,1.182237327,0.814709141
281.000000000,1.259883419,1.252285952,1.225536651,0.832280702
281.500000000,1.320141593,1.308959927,1.268835975,0.849852262
282.000000000,1.379780730,1.365633902,1.312135299,0.867423823
282.500000000,1.438450577,1.422307876,1.355434623,0.884995383
283.000000000,1.495808887,1.478981851,1.398733947,0.902566944
283.500000000,1.551523520,1.535655826,1.442033271,0.920138504
284.000000000,1.605274477,1.592329801,1.485332595,0.937710065
284.500000000,1.656755862,1.649003776,1.528631919,0.955281625
285.000000000,1.705677750,1.705677750,1.571931243,0.972853186
285.500000000,1.751767952,1.735602424,1.615230567,0.990424746
286.000000000,1.794773668,1.765527097,1.658529891,1.007996307
286.500000000,1.834463022,1.795451770,1.701829215,1.025567867
287.000000000,1.870626454,1.825376444,1.745128539,1.043139428
287.500000000,1.903077981,1.855301117,1.788427863,1.060710988
288.000000000,1.931656307,1.885225790,1.831727187,1.078282549
288.500000000,1.956225773,1.915150463,1.875026511,1.095854109
289.000000000,1.976677152,1.945075137,1.918325835,1.113425669
289.500000000,1.992928274,1.974999810,1.961625159,1.130997230
290.000000000,2.004924483,2.004924483,2.004924483,1.148568790
290.500000000,2.012638922,1.994288207,1.979678259,1.166140351
291.000000000,2.016072640,1.983651930,1.954432035,1.183711911
291.500000000,2.015254532,1.973015653,1.929185811,1.201283472
292.000000000,2.010241095,1.962379377,1.903939587,1.218855032
292.500000000,2.001116021,1.951743100,1.878693362,1.236426593
293.000000000,1.987989611,1.941106824,1.853447138,1.253998153
293.500000000,1.970998033,1.930470547,1.828200914,1.271569714
294.000000000,1.950302406,1.919834270,1.802954690,1.289141274
294.500000000,1.926087740,1.909197994,1.777708466,1.306712835
295.000000000,1.898561717,1.898561717,1.752462242,1.324284395
295.500000000,1.867953341,1.858705545,1.727216017,1.341855956
296.000000000,1.834511444,1.818849374,1.701969793,1.359427516
296.500000000,1.798503077,1.778993202,1.676723569,1.376999077
297.000000000,1.760211779,1.739137030,1.651477345,1.394570637
297.500000000,1.719935755,1.699280859,1.626231121,1.412142198
298.000000000,1.677985950,1.659424687,1.600984897,1.429713758
298.500000000,1.634684049,1.619568515,1.575738672,1.447285319
299.000000000,1.590360415,1.579712343,1.550492448,1.464856879
299.500000000,1.545351963,1.539856172,1.525246224,1.482428440
300.000000000,1.500000000,1.500000000,1.500000000,1.500000000
300.500000000,1.454648037,1.460143828,1.474753776,1.517571560
301.000000000,1.409639585,1.420287657,1.449507552,1.535143121
301.500000000,1.365315951,1.380431485,1.424261328,1.552714681
302.000000000,1.322014050,1.340575313,1.399015103,1.570286242
302.500000000,1.280064245,1.300719141,1.373768879,1.587857802
303.000000000,1.239788221,1.260862970,1.348522655,1.605429363
303.500000000,1.201496923,1.221006798,1.323276431,1.623000923
304.000000000,1.165488556,1.181150626,1.298030207,1.640572484
304.500000000,1.132046659,1.141294455,1.272783983,1.658144044
305.000000000,1.101438283,1.101438283,1.247537758,1.675715605
305.500000000,1.073912260,1.090802006,1.222291534,1.693287165
306.000000000,1.049697594,1.080165730,1.197045310,1.710858726
306.500000000,1.029001967,1.069529453,1.171799086,1.728430286
307.000000000,1.012010389,1.058893176,1.146552862,1.746001847
307.500000000,0.998883979,1.048256900,1.121306638,1.763573407
308.000000000,0.989758905,1.037620623,1.096060413,1.781144968
308.500000000,0.984745468,1.026984347,1.070814189,1.798716528
309.000000000,0.983927360,1.016348070,1.045567965,1.816288089
309.500000000,0.987361078,1.005711793,1.020321741,1.833859649
310.000000000,0.995075517,0.995075517,0.995075517,1.851431210
310.500000000,1.007071726,1.025000190,1.038374841,1.869002770
311.000000000,1.023322848,1.054924863,1.081674165,1.886574331
311.500000000,1.043774227,1.084849537,1.124973489,1.904145891
312.000000000,1.068343693,1.114774210,1.168272813,1.921717451
312.500000000,1.096922019,1.144698883,1.211572137,1.939289012
313.000000000,1.129373546,1.174623556,1.254871461,1.956860572
313.500000000,1.165536978,1.204548230,1.298170785,1.974432133
314.000000000,1.205226332,1.234472903,1.341470109,1.992003693
314.500000000,1.248232048,1.264397576,1.384769433,2.009575254
315.000000000,1.294322250,1.294322250,1.428068757,2.027146814
315.500000000,1.343244138,1.350996224,1.471368081,2.044718375
316.000000000,1.394725523,1.407670199,1.514667405,2.062289935
316.500000000,1.448476480,1.464344174,1.557966729,2.079861496
317.000000000,1.504191113,1.521018149,1.601266053,2.097433056
317.500000000,1.561549423,1.577692124,1.644565377,2.115004617
318.000000000,1.620219270,1.634366098,1.687864701,2.132576177
318.500000000,1.679858407,1.691040073,1.731164025,2.150147738
319.000000000,1.740116581,1.747714048,1.774463349,2.167719298
319.500000000,1.800637694,1.804388023,1.817762673,2.185290859
320.000000000,1.861061998,1.861061998,1.861061998,2.202862419
320.500000000,1.921028309,1.913221973,1.895723579,2.220433980
321.000000000,1.980176252,1.965381949,1.930385161,2.238005540
321.500000000,2.038148485,2.017541925,1.965046742,2.255577101
322.000000000,2.094592920,2.069701900,1.999708324,2.273148661
322.500000000,2.149164910,2.121861876,2.034369905,2.290720222
323.000000000,2.201529397,2.174021852,2.069031487,2.308291782
323.500000000,2.251363001,2.226181827,2.103693068,2.325863343
324.000000000,2.298356040,2.278341803,2.138354650,2.343434903
324.500000000,2.342214476,2.330501779,2.173016232,2.361006463
325.000000000,2.382661754,2.382661754,2.207677813,2.378578024
325.500000000,2.419440555,2.399824942,2.242339395,2.396149584
326.000000000,2.452314413,2.416988129,2.277000976,2.413721145
326.500000000,2.481069227,2.434151317,2.311662558,2.431292705
327.000000000,2.505514619,2.451314504,2.346324139,2.448864266
327.500000000,2.525485166,2.468477692,2.380985721,2.466435826
328.000000000,2.540841466,2.485640879,2.415647302,2.484007387
328.500000000,2.551471056,2.502804066,2.450308884,2.501578947
329.000000000,2.557289164,2.519967254,2.484970466,2.519150508
329.500000000,2.558239293,2.537130441,2.519632047,2.536722068
330.000000000,2.554293629,2.554293629,2.554293629,2.554293629
330.500000000,2.545453282,2.524854956,2.508850106,2.537561196
331.000000000,2.531748345,2.495416284,2.463406584,2.520828763
331.500000000,2.513237780,2.465977612,2.417963062,2.504096331
332.000000000,2.490009122,2.436538939,2.372519539,2.487363898
332.500000000,2.462178018,2.407100267,2.327076017,2.470631465
333.000000000,2.429887588,2.377661594,2.281632494,2.453899032
333.500000000,2.393307618,2.348222922,2.236188972,2.437166600
334.000000000,2.352633592,2.318784250,2.190745450,2.420434167
334.500000000,2.308085570,2.289345577,2.145301927,2.403701734
335.000000000,2.259906905,2.259906905,2.099858405,2.386969301
335.500000000,2.208362832,2.198458532,2.054414883,2.370236869
336.000000000,2.153738913,2.137010160,2.008971360,2.353504436
336.500000000,2.096339357,2.075561788,1.963527838,2.336772003
337.000000000,2.036485234,2.014113415,1.918084315,2.320039570
337.500000000,1.974512574,1.952665043,1.872640793,2.303307138
338.000000000,1.910770387,1.891216671,1.827197271,2.286574705
338.500000000,1.845618589,1.829768298,1.781753748,2.269842272
339.000000000,1.779425875,1.768319926,1.736310226,2.253109839
339.500000000,1.712567526,1.706871554,1.690866704,2.236377407
340.000000000,1.645423181,1.645423181,1.645423181,2.219644974
340.500000000,1.578374583,1.584918492,1.601785439,2.202912541
341.000000000,1.511803305,1.524413802,1.558147696,2.186180109
341.500000000,1.446088482,1.463909112,1.514509954,2.169447676
342.000000000,1.381604559,1.403404423,1.470872211,2.152715243
342.500000000,1.318719057,1.342899733,1.427234469,2.135982810
343.000000000,1.257790391,1.282395044,1.383596726,2.119250378
343.500000000,1.199165737,1.221890354,1.339958984,2.102517945
344.000000000,1.143178971,1.161385665,1.296321241,2.085785512
344.500000000,1.090148682,1.100880975,1.252683499,2.069053079
345.000000000,1.040376285,1.040376285,1.209045756,2.052320647
345.500000000,0.994144233,1.013605490,1.165408014,2.035588214
346.000000000,0.951714346,0.986834695,1.121770271,2.018855781
346.500000000,0.913326261,0.960063899,1.078132529,2.002123348
347.000000000,0.879196028,0.933293104,1.034494786,1.985390916
347.500000000,0.849514834,0.906522308,0.990857044,1.968658483
348.000000000,0.824447887,0.879751513,0.947219301,1.951926050
348.500000000,0.804133456,0.852980718,0.903581559,1.935193617
349.000000000,0.788682077,0.826209922,0.859943816,1.918461185
349.500000000,0.778175919,0.799439127,0.816306074,1.901728752
350.000000000,0.772668332,0.772668332,0.772668332,1.884996319
350.500000000,0.772183560,0.793762290,0.811552298,1.868263886
351.000000000,0.776716643,0.814856249,0.850436265,1.851531454
351.500000000,0.786233482,0.835950207,0.889320231,1.834799021
352.000000000,0.800671091,0.857044166,0.928204198,1.818066588
352.500000000,0.819938015,0.878138124,0.967088165,1.801334156
353.000000000,0.843914933,0.899232083,1.005972131,1.784601723
353.500000000,0.872455415,0.920326041,1.044856098,1.767869290
354.000000000,0.905386851,0.941420000,1.083740065,1.751136857
354.500000000,0.942511538,0.962513958,1.122624031,1.734404425
355.000000000,0.983607917,0.983607917,1.161507998,1.717671992
355.500000000,1.028431948,1.040281891,1.200391965,1.700939559
356.000000000,1.076718631,1.096955866,1.239275931,1.684207126
356.500000000,1.128183647,1.153629841,1.278159898,1.667474694
357.000000000,1.182525109,1.210303816,1.317043865,1.650742261
357.500000000,1.239425428,1.266977791,1.355927831,1.634009828
358.000000000,1.298553267,1.323651765,1.394811798,1.617277395
358.500000000,1.359565574,1.380325740,1.433695765,1.600544963
359.000000000,1.422109689,1.436999715,1.472579731,1.583812530
359.500000000,1.485825504,1.493673690,1.511463698,1.567080097
360.000000000,1.550347664,1.550347664,1.550347664,1.550347664
360.500000000,1.615307800,1.611338355,1.597491863,1.548669409
361.000000000,1.680336771,1.672329045,1.644636061,1.546991154
361.500000000,1.745066922,1.733319736,1.691780259,1.545312898
362.000000000,1.809134306,1.794310426,1.738924458,1.543634643
362.500000000,1.872180906,1.855301117,1.786068656,1.541956387
363.000000000,1.933856794,1.916291807,1.833212854,1.540278132
363.500000000,1.993822256,1.977282498,1.880357053,1.538599876
364.000000000,2.051749836,2.038273188,1.927501251,1.536921621
364.500000000,2.107326310,2.099263879,1.974645449,1.535243365
365.000000000,2.160254569,2.160254569,2.021789648,1.533565110
365.500000000,2.210255396,2.193552275,2.068933846,1.531886854
366.000000000,2.257069130,2.226849982,2.116078045,1.530208599
366.500000000,2.300457215,2.260147688,2.163222243,1.528530343
367.000000000,2.340203601,2.293445394,2.210366441,1.526852088
367.500000000,2.376116021,2.326743100,2.257510640,1.525173832
368.000000000,2.408027106,2.360040806,2.304654838,1.523495577
368.500000000,2.435795350,2.393338513,2.351799036,1.521817321
369.000000000,2.459305916,2.426636219,2.398943235,1.520139066
369.500000000,2.478471266,2.459933925,2.446087433,1.518460810
370.000000000,2.493231631,2.493231631,2.493231631,1.516782555
370.500000000,2.503555305,2.484441477,2.468908468,1.515104299
371.000000000,2.509438761,2.475651322,2.444585305,1.513426044
371.500000000,2.510906594,2.466861168,2.420262142,1.511747788
372.000000000,2.508011292,2.458071013,2.395938979,1.510069533
372.500000000,2.500832831,2.449280859,2.371615816,1.508391277
373.000000000,2.489478097,2.440490704,2.347292652,1.506713022
373.500000000,2.474080149,2.431700549,2.322969489,1.505034766
374.000000000,2.454797312,2.422910395,2.298646326,1.503356511
374.500000000,2.431812115,2.414120240,2.274323163,1.501678255
375.000000000,2.405330086,2.405330086,2.250000000,1.500000000
375.500000000,2.375578395,2.365473914,2.225676837,1.498321745
376.000000000,2.342804373,2.325617742,2.201353674,1.496643489
376.500000000,2.307273897,2.285761571,2.177030511,1.494965234
377.000000000,2.269269671,2.245905399,2.152707348,1.493286978
377.500000000,2.229089393,2.206049227,2.128384184,1.491608723
378.000000000,2.187043841,2.166193056,2.104061021,1.489930467
378.500000000,2.143454870,2.126336884,2.079737858,1.488252212
379.000000000,2.098653344,2.086480712,2.055414695,1.486573956
379.500000000,2.052977017,2.046624541,2.031091532,1.484895701
380.000000000,2.006768369,2.006768369,2.006768369,1.483217445
380.500000000,1.960372413,1.965066075,1.978912567,1.481539190
381.000000000,1.914134491,1.923363781,1.951056765,1.479860934
381.500000000,1.868398067,1.881661487,1.923200964,1.478182679
382.000000000,1.823502536,1.839959194,1.895345162,1.476504423
382.500000000,1.779781054,1.798256900,1.867489360,1.474826168
383.000000000,1.737558418,1.756554606,1.839633559,1.473147912
383.500000000,1.697148985,1.714852312,1.811777757,1.471469657
384.000000000,1.658854676,1.673150018,1.783921955,1.469791401
384.500000000,1.622963042,1.631447725,1.756066154,1.468113146
385.000000000,1.589745431,1.589745431,1.728210352,1.466434890
385.500000000,1.559455252,1.575736121,1.700354551,1.464756635
386.000000000,1.532326358,1.561726812,1.672498749,1.463078379
386.500000000,1.508571544,1.547717502,1.644642947,1.461400124
387.000000000,1.488381187,1.533708193,1.616787146,1.459721868
387.500000000,1.471922019,1.519698883,1.588931344,1.458043613
388.000000000,1.459336052,1.505689574,1.561075542,1.456365357
388.500000000,1.450739661,1.491680264,1.533219741,1.454687102
389.000000000,1.446222822,1.477670955,1.505363939,1.453008846
389.500000000,1.445848522,1.463661645,1.477508137,1.451330591
390.000000000,1.449652336,1.449652336,1.449652336,1.449652336
390.500000000,1.457642173,1.475260293,1.488536302,1.457919903
391.000000000,1.469798207,1.500868251,1.527420269,1.466187470
391.500000000,1.486072963,1.526476208,1.566304235,1.474455037
392.000000000,1.506391600,1.552084166,1.605188202,1.482722605
392.500000000,1.530652348,1.577692124,1.644072169,1.490990172
393.000000000,1.558727123,1.603300081,1.682956135,1.499257739
393.500000000,1.590462306,1.628908039,1.721840102,1.507525306
394.000000000,1.625679684,1.654515996,1.760724069,1.515792874
394.500000000,1.664177542,1.680123954,1.799608035,1.524060441
395.000000000,1.705731912,1.705731912,1.838492002,1.532328008
395.500000000,1.750097951,1.757891887,1.877375969,1.540595575
396.000000000,1.797011464,1.810051863,1.916259935,1.548863143
396.500000000,1.846190538,1.862211839,1.955143902,1.557130710
397.000000000,1.897337299,1.914371814,1.994027869,1.565398277
397.500000000,1.950139761,1.966531790,2.032911835,1.573665844
398.000000000,2.004273776,2.018691766,2.071795802,1.581933412
398.500000000,2.059405054,2.070851741,2.110679769,1.590200979
399.000000000,2.115191252,2.123011717,2.149563735,1.598468546
399.500000000,2.171284118,2.175171693,2.188447702,1.606736114
400.000000000,2.227331668,2.227331668,2.227331668,1.615003681
400.500000000,2.282980402,2.275560873,2.258693926,1.623271248
401.000000000,2.337877516,2.323790078,2.290056184,1.631538815
401.500000000,2.391673126,2.372019282,2.321418441,1.639806383
402.000000000,2.444022472,2.420248487,2.352780699,1.648073950
402.500000000,2.494588091,2.468477692,2.384142956,1.656341517
403.000000000,2.543041953,2.516706896,2.415505214,1.664609084
403.500000000,2.589067539,2.564936101,2.446867471,1.672876652
404.000000000,2.632361848,2.613165305,2.478229729,1.681144219
404.500000000,2.672637329,2.661394510,2.509591986,1.689411786
405.000000000,2.709623715,2.709623715,2.540954244,1.697679353
405.500000000,2.743069756,2.724119025,2.572316501,1.705946921
406.000000000,2.772744836,2.738614335,2.603678759,1.714214488
406.500000000,2.798440463,2.753109646,2.635041016,1.722482055
407.000000000,2.819971628,2.767604956,2.666403274,1.730749622
407.500000000,2.837178018,2.782100267,2.697765531,1.739017190
408.000000000,2.849925082,2.796595577,2.729127789,1.747284757
408.500000000,2.858104935,2.811090888,2.760490046,1.755552324
409.000000000,2.861637102,2.825586198,2.791852304,1.763819891
409.500000000,2.860469096,2.840081508,2.823214561,1.772087459
410.000000000,2.854576819,2.854576819,2.854576819,1.780355026
410.500000000,2.843964796,2.824194464,2.809133296,1.788622593
411.000000000,2.828666229,2.793812108,2.763689774,1.796890161
411.500000000,2.808742874,2.763429753,2.718246252,1.805157728
412.000000000,2.784284746,2.733047398,2.672802729,1.813425295
412.500000000,2.755409649,2.702665043,2.627359207,1.821692862
413.000000000,2.722262534,2.672282688,2.581915685,1.829960430
413.500000000,2.685014689,2.641900333,2.536472162,1.838227997
414.000000000,2.643862772,2.611517977,2.491028640,1.846495564
414.500000000,2.599027678,2.581135622,2.445585117,1.854763131
415.000000000,2.550753267,2.550753267,2.400141595,1.863030699
415.500000000,2.499304941,2.490248577,2.354698073,1.871298266
416.000000000,2.444968093,2.429743888,2.309254550,1.879565833
416.500000000,2.388046429,2.369239198,2.263811028,1.887833400
417.000000000,2.328860180,2.308734509,2.218367506,1.896100968
417.500000000,2.267744205,2.248229819,2.172923983,1.904368535
418.000000000,2.205046011,2.187725130,2.127480461,1.912636102
418.500000000,2.141123683,2.127220440,2.082036938,1.920903669
419.000000000,2.076343759,2.066715750,2.036593416,1.929171237
419.500000000,2.011079040,2.006211061,1.991149894,1.937438804
420.000000000,1.945706371,1.945706371,1.945706371,1.945706371
420.500000000,1.880604386,1.887869559,1.905367953,1.963277932
421.000000000,1.816151243,1.830032746,1.865029534,1.980849492
421.500000000,1.752722362,1.772195934,1.824691116,1.998421053
422.000000000,1.690688176,1.714359121,1.784352698,2.015992613
422.500000000,1.630411909,1.656522308,1.744014279,2.033564174
423.000000000,1.572247399,1.598685496,1.703675861,2.051135734
423.500000000,1.516536973,1.540848683,1.663337442,2.068707295
424.000000000,1.463609393,1.483011871,1.622999024,2.086278855
424.500000000,1.413777883,1.425175058,1.582660605,2.103850416
425.000000000,1.367338246,1.367338246,1.542322187,2.121421976
425.500000000,1.324567086,1.344498221,1.501983768,2.138993537
426.000000000,1.285720153,1.321658197,1.461645350,2.156565097
426.500000000,1.251030799,1.298818173,1.421306932,2.174136657
427.000000000,1.220708585,1.275978148,1.380968513,2.191708218
427.500000000,1.194938015,1.253138124,1.340630095,2.209279778
428.000000000,1.173877439,1.230298100,1.300291676,2.226851339
428.500000000,1.157658098,1.207458075,1.259953258,2.244422899
429.000000000,1.146383341,1.184618051,1.219614839,2.261994460
429.500000000,1.140128012,1.161778027,1.179276421,2.279566020
430.000000000,1.138938002,1.138938002,1.138938002,2.297137581
430.500000000,1.142829983,1.164545960,1.182237327,2.314709141
431.000000000,1.151791315,1.190153918,1.225536651,2.332280702
431.500000000,1.165780130,1.215761875,1.268835975,2.349852262
432.000000000,1.184725597,1.241369833,1.312135299,2.367423823
432.500000000,1.208528353,1.266977791,1.355434623,2.384995383
433.000000000,1.237061119,1.292585748,1.398733947,2.402566944
433.500000000,1.270169473,1.318193706,1.442033271,2.420138504
434.000000000,1.307672792,1.343801663,1.485332595,2.437710065
434.500000000,1.349365352,1.369409621,1.528631919,2.455281625
435.000000000,1.395017579,1.395017579,1.571931243,2.472853186
435.500000000,1.444377442,1.456008269,1.615230567,2.490424746
436.000000000,1.497171983,1.516998960,1.658529891,2.507996307
436.500000000,1.553108975,1.577989650,1.701829215,2.525567867
437.000000000,1.611878686,1.638980340,1.745128539,2.543139428
437.500000000,1.673155757,1.699971031,1.788427863,2.560710988
438.000000000,1.736601174,1.760961721,1.831727187,2.578282549
438.500000000,1.801864310,1.821952412,1.875026511,2.595854109
439.000000000,1.868585048,1.882943102,1.918325835,2.613425669
439.500000000,1.936395952,1.943933793,1.961625159,2.630997230
440.000000000,2.004924483,2.004924483,2.004924483,2.648568790
440.500000000,2.073795243,2.069288207,2.054678259,2.666140351
441.000000000,2.142632233,2.133651930,2.104432035,2.683711911
441.500000000,2.211061114,2.198015653,2.154185811,2.701283472
442.000000000,2.278711453,2.262379377,2.203939587,2.718855032
442.500000000,2.345218946,2.326743100,2.253693362,2.736426593
443.000000000,2.410227593,2.391106824,2.303447138,2.753998153
443.500000000,2.473391834,2.455470547,2.353200914,2.771569714
444.000000000,2.534378600,2.519834270,2.402954690,2.789141274
444.500000000,2.592869302,2.584197994,2.452708466,2.806712835
445.000000000,2.648561717,2.648561717,2.502462242,2.824284395
445.500000000,2.701171779,2.683705545,2.552216017,2.841855956
446.000000000,2.750435251,2.718849374,2.601969793,2.859427516
446.500000000,2.796109277,2.753993202,2.651723569,2.876999077
447.000000000,2.837973798,2.789137030,2.701477345,2.894570637
447.500000000,2.875832831,2.824280859,2.751231121,2.912142198
448.000000000,2.909515591,2.859424687,2.800984897,2.929713758
448.500000000,2.938877466,2.894568515,2.850738672,2.947285319
449.000000000,2.963800822,2.929712343,2.900492448,2.964856879
449.500000000,2.984195641,2.964856172,2.950246224,2.982428440
450.000000000,3.000000000,3.000000000,3.000000000,3.000000000
450.500000000,3.011180359,2.991209845,2.974753776,2.992571560
451.000000000,3.017731689,2.982419691,2.949507552,2.985143121
451.500000000,3.019677414,2.973629536,2.924261328,2.977714681
452.000000000,3.017069183,2.964839382,2.899015103,2.970286242
452.500000000,3.009986468,2.956049227,2.873768879,2.962857802
453.000000000,2.998535989,2.947259073,2.848522655,2.955429363
453.500000000,2.982850970,2.938468918,2.823276431,2.948000923
454.000000000,2.963090241,2.929678764,2.798030207,2.940572484
454.500000000,2.939437169,2.920888609,2.772783983,2.933144044
455.000000000,2.912098455,2.912098455,2.747537758,2.925715605
455.500000000,2.881302771,2.870396161,2.722291534,2.918287165
456.000000000,2.847299279,2.828693867,2.697045310,2.910858726
456.500000000,2.810356013,2.786991573,2.671799086,2.903430286
457.000000000,2.770758156,2.745289279,2.646552862,2.896001847
457.500000000,2.728806203,2.703586986,2.621306638,2.888573407
458.000000000,2.684814038,2.661884692,2.596060413,2.881144968
458.500000000,2.639106931,2.620182398,2.570814189,2.873716528
459.000000000,2.592019464,2.578480104,2.545567965,2.866288089
459.500000000,2.543893400,2.536777810,2.520321741,2.858859649
460.000000000,2.495075517,2.495075517,2.495075517,2.851431210
460.500000000,2.445915404,2.450000190,2.463374841,2.844002770
461.000000000,2.396763255,2.404924863,2.431674165,2.836574331
461.500000000,2.347967645,2.359849537,2.399973489,2.829145891
462.000000000,2.299873335,2.314774210,2.368272813,2.821717451
462.500000000,2.252819094,2.269698883,2.336572137,2.814289012
463.000000000,2.207135565,2.224623556,2.304871461,2.806860572
463.500000000,2.163143178,2.179548230,2.273170785,2.799432133
464.000000000,2.121150138,2.134472903,2.241470109,2.792003693
464.500000000,2.081450486,2.089397576,2.209769433,2.784575254
465.000000000,2.044322250,2.044322250,2.178068757,2.777146814
465.500000000,2.010025700,2.025996224,2.146368081,2.769718375
466.000000000,1.978801716,2.007670199,2.114667405,2.762289935
466.500000000,1.950870280,1.989344174,2.082966729,2.754861496
467.000000000,1.926429094,1.971018149,2.051266053,2.747433056
467.500000000,1.905652348,1.952692124,2.019565377,2.740004617
468.000000000,1.888689629,1.934366098,1.987864701,2.732576177
468.500000000,1.875664989,1.916040073,1.956164025,2.725147738
469.000000000,1.866676174,1.897714048,1.924463349,2.717719298
469.500000000,1.861794016,1.879388023,1.892762673,2.710290859
470.000000000,1.861061998,1.861061998,1.861061998,2.702862419
470.500000000,1.864495987,1.882155956,1.895723579,2.695433980
471.000000000,1.872084148,1.903249915,1.930385161,2.688005540
471.500000000,1.883787022,1.924343873,1.965046742,2.680577101
472.000000000,1.899537787,1.945437832,1.999708324,2.673148661
472.500000000,1.919242686,1.966531790,2.034369905,2.665720222
473.000000000,1.942781629,1.987625749,2.069031487,2.658291782
473.500000000,1.970008954,2.008719707,2.103693068,2.650863343
474.000000000,2.000754355,2.029813666,2.138354650,2.643434903
474.500000000,2.034823965,2.050907624,2.173016232,2.636006463
475.000000000,2.072001583,2.072001583,2.207677813,2.628578024
475.500000000,2.112050044,2.120230787,2.242339395,2.621149584
476.000000000,2.154712728,2.168459992,2.277000976,2.613721145
476.500000000,2.199715180,2.216689196,2.311662558,2.606292705
477.000000000,2.246766851,2.264918401,2.346324139,2.598864266
477.500000000,2.295562942,2.313147606,2.380985721,2.591435826
478.000000000,2.345786333,2.361376810,2.415647302,2.584007387
478.500000000,2.397109592,2.409606015,2.450308884,2.576578947
479.000000000,2.449197060,2.457835220,2.484970466,2.569150508
479.500000000,2.501706971,2.506064424,2.519632047,2.561722068
480.000000000,2.554293629,2.554293629,2.554293629,2.554293629
480.500000000,2.606609603,2.599854956,2.583850106,2.537561196
481.000000000,2.658307939,2.645416284,2.613406584,2.520828763
481.500000000,2.709044362,2.690977612,2.642963062,2.504096331
482.000000000,2.758479480,2.736538939,2.672519539,2.487363898
482.500000000,2.806280943,2.782100267,2.702076017,2.470631465
483.000000000,2.852125570,2.827661594,2.731632494,2.453899032
483.500000000,2.895701418,2.873222922,2.761188972,2.437166600
484.000000000,2.936709786,2.918784250,2.790745450,2.420434167
484.500000000,2.974867132,2.964345577,2.820301927,2.403701734
485.000000000,3.009906905,3.009906905,2.849858405,2.386969301
485.500000000,3.041581270,3.023458532,2.879414883,2.370236869
486.000000000,3.069662720,3.037010160,2.908971360,2.353504436
486.500000000,3.093945557,3.050561788,2.938527838,2.336772003
487.000000000,3.114247252,3.064113415,2.968084315,2.320039570
487.500000000,3.130409649,3.077665043,2.997640793,2.303307138
488.000000000,3.142300028,3.091216671,3.027197271,2.286574705
488.500000000,3.149812006,3.104768298,3.056753748,2.269842272
489.000000000,3.152866282,3.118319926,3.086310226,2.253109839
489.500000000,3.151411204,3.131871554,3.115866704,2.236377407
490.000000000,3.145423181,3.145423181,3.145423181,2.219644974
490.500000000,3.134906905,3.115984509,3.101785439,2.202912541
491.000000000,3.119895409,3.086545836,3.058147696,2.186180109
491.500000000,3.100449946,3.057107164,3.014509954,2.169447676
492.000000000,3.076659692,3.027668492,2.970872211,2.152715243
492.500000000,3.048641281,2.998229819,2.927234469,2.135982810
493.000000000,3.016538159,2.968791147,2.883596726,2.119250378
493.500000000,2.980519784,2.939352474,2.839958984,2.102517945
494.000000000,2.940780656,2.909913802,2.796321241,2.085785512
494.500000000,2.897539193,2.880475130,2.752683499,2.069053079
495.000000000,2.851036457,2.851036457,2.709045756,2.052320647
495.500000000,2.801534744,2.793199645,2.665408014,2.035588214
496.000000000,2.749316031,2.735362832,2.621770271,2.018855781
496.500000000,2.694680308,2.677526019,2.578132529,2.002123348
497.000000000,2.637943796,2.619689207,2.534494786,1.985390916
497.500000000,2.579437058,2.561852394,2.490857044,1.968658483
498.000000000,2.519503020,2.504015582,2.447219301,1.951926050
498.500000000,2.458494919,2.446178769,2.403581559,1.935193617
499.000000000,2.396774181,2.388341957,2.359943816,1.918461185
499.500000000,2.334708241,2.330505144,2.316306074,1.901728752
500.000000000,2.272668332,2.272668332,2.272668332,1.884996319
500.500000000,2.211027239,2.218762290,2.236552298,1.868263886
501.000000000,2.150157050,2.164856249,2.200436265,1.851531454
501.500000000,2.090426900,2.110950207,2.164320231,1.834799021
502.000000000,2.032200732,2.057044166,2.128204198,1.818066588
502.500000000,1.975835090,2.003138124,2.092088165,1.801334156
503.000000000,1.921676951,1.949232083,2.055972131,1.784601723
503.500000000,1.870061614,1.895326041,2.019856098,1.767869290
504.000000000,1.821310657,1.841420000,1.983740065,1.751136857
504.500000000,1.775729976,1.787513958,1.947624031,1.734404425
505.000000000,1.733607917,1.733607917,1.911507998,1.717671992
505.500000000,1.695213510,1.715281891,1.875391965,1.700939559
506.000000000,1.660794825,1.696955866,1.839275931,1.684207126
506.500000000,1.630577447,1.678629841,1.803159898,1.667474694
507.000000000,1.604763091,1.660303816,1.767043865,1.650742261
507.500000000,1.583528353,1.641977791,1.730927831,1.634009828
508.000000000,1.567023625,1.623651765,1.694811798,1.617277395
508.500000000,1.555372156,1.605325740,1.658695765,1.600544963
509.000000000,1.548669283,1.586999715,1.622579731,1.583812530
509.500000000,1.546981826,1.568673690,1.586463698,1.567080097
510.000000000,1.550347664,1.550347664,1.550347664,1.550347664
510.500000000,1.558775477,1.580272338,1.597491863,1.573669409
511.000000000,1.572244667,1.610197011,1.644636061,1.596991154
511.500000000,1.590705458,1.640121684,1.691780259,1.620312898
512.000000000,1.614079173,1.670046358,1.738924458,1.643634643
512.500000000,1.642258682,1.699971031,1.786068656,1.666956387
513.000000000,1.675109026,1.729895704,1.833212854,1.690278132
513.500000000,1.712468209,1.759820378,1.880357053,1.713599876
514.000000000,1.754148151,1.789745051,1.927501251,1.736921621
514.500000000,1.799935800,1.819669724,1.974645449,1.760243365
515.000000000,1.849594397,1.849594397,2.021789648,1.783565110
515.500000000,1.902864885,1.913958121,2.068933846,1.806886854
516.000000000,1.959467445,1.978321844,2.116078045,1.830208599
516.500000000,2.019103168,2.042685568,2.163222243,1.853530343
517.000000000,2.081455833,2.107049291,2.210366441,1.876852088
517.500000000,2.146193797,2.171413014,2.257510640,1.900173832
518.000000000,2.212971973,2.235776738,2.304654838,1.923495577
518.500000000,2.281433887,2.300140461,2.351799036,1.946817321
519.000000000,2.351213812,2.364504184,2.398943235,1.970139066
519.500000000,2.421938944,2.428867908,2.446087433,1.993460810
520.000000000,2.493231631,2.493231631,2.493231631,2.016782555
520.500000000,2.564711627,2.559441477,2.543908468,2.040104299
521.000000000,2.635998354,2.625651322,2.594585305,2.063426044
521.500000000,2.706713176,2.691861168,2.645262142,2.086747788
522.000000000,2.776481650,2.758071013,2.695938979,2.110069533
522.500000000,2.844935755,2.824280859,2.746615816,2.133391277
523.000000000,2.911716079,2.890490704,2.797292652,2.156713022
523.500000000,2.976473950,2.956700549,2.847969489,2.180034766
524.000000000,3.038873505,3.022910395,2.898646326,2.203356511
524.500000000,3.098593677,3.089120240,2.949323163,2.226678255
525.000000000,3.155330086,3.155330086,3.000000000,2.250000000
525.500000000,3.208796833,3.190473914,3.050676837,2.273321745
526.000000000,3.258728180,3.225617742,3.101353674,2.296643489
526.500000000,3.304880097,3.260761571,3.152030511,2.319965234
527.000000000,3.347031689,3.295905399,3.202707348,2.343286978
527.500000000,3.384986468,3.331049227,3.253384184,2.366608723
528.000000000,3.418573483,3.366193056,3.304061021,2.389930467
528.500000000,3.447648287,3.401336884,3.354737858,2.413252212
529.000000000,3.472093750,3.436480712,3.405414695,2.436573956
529.500000000,3.491820695,3.471624541,3.456091532,2.459895701
530.000000000,3.506768369,3.506768369,3.506768369,2.483217445
530.500000000,3.516904735,3.496132092,3.478912567,2.506539190
531.000000000,3.522226595,3.485495816,3.451056765,2.529860934
531.500000000,3.522759530,3.474859539,3.423200964,2.553182679
532.000000000,3.518557669,3.464223262,3.395345162,2.576504423
532.500000000,3.509703278,3.453586986,3.367489360,2.599826168
533.000000000,3.496306185,3.442950709,3.339633559,2.623147912
533.500000000,3.478503032,3.432314432,3.311777757,2.646469657
534.000000000,3.456456361,3.421678156,3.283921955,2.669791401
534.500000000,3.430353553,3.411041879,3.256066154,2.693113146
535.000000000,3.400405603,3.400405603,3.228210352,2.716434890
535.500000000,3.366845762,3.355330276,3.200354551,2.739756635
536.000000000,3.329928043,3.310254949,3.172498749,2.763078379
536.500000000,3.289925591,3.265179622,3.144642947,2.786400124
537.000000000,3.247128955,3.220104296,3.116787146,2.809721868
537.500000000,3.201844243,3.175028969,3.088931344,2.833043613
538.000000000,3.154391185,3.129953642,3.061075542,2.856365357
538.500000000,3.105101124,3.084878316,3.033219741,2.879687102
539.000000000,3.054314926,3.039802989,3.005363939,2.903008846
539.500000000,3.002380844,2.994727662,2.977508137,2.926330591
540.000000000,2.949652336,2.949652336,2.949652336,2.949652336
540.500000000,2.896485852,2.900260293,2.913536302,2.957919903
541.000000000,2.843238613,2.850868251,2.877420269,2.966187470
541.500000000,2.790266380,2.801476208,2.841304235,2.974455037
542.000000000,2.737921242,2.752084166,2.805188202,2.982722605
542.500000000,2.686549423,2.702692124,2.769072169,2.990990172
543.000000000,2.636489141,2.653300081,2.732956135,2.999257739
543.500000000,2.588068506,2.603908039,2.696840102,3.007525306
544.000000000,2.541603490,2.554515996,2.660724069,3.015792874
544.500000000,2.497395980,2.505123954,2.624608035,3.024060441
545.000000000,2.455731912,2.455731912,2.588492002,3.032328008
545.500000000,2.416879513,2.432891887,2.552375969,3.040595575
546.000000000,2.381087658,2.410051863,2.516259935,3.048863143
546.500000000,2.348584339,2.387211839,2.480143902,3.057130710
547.000000000,2.319575281,2.364371814,2.444027869,3.065398277
547.500000000,2.294242686,2.341531790,2.407911835,3.073665844
548.000000000,2.272744135,2.318691766,2.371795802,3.081933412
548.500000000,2.255211637,2.295851741,2.335679769,3.090200979
549.000000000,2.241750846,2.273011717,2.299563735,3.098468546
549.500000000,2.232440439,2.250171693,2.263447702,3.106736114
550.000000000,2.227331668,2.227331668,2.227331668,3.115003681
550.500000000,2.226448080,2.244494856,2.258693926,3.123271248
551.000000000,2.229785412,2.261658043,2.290056184,3.131538815
551.500000000,2.237311663,2.278821231,2.321418441,3.139806383
552.000000000,2.248967339,2.295984418,2.352780699,3.148073950
552.500000000,2.264665867,2.313147606,2.384142956,3.156341517
553.000000000,2.284294185,2.330310793,2.415505214,3.164609084
553.500000000,2.307713492,2.347473981,2.446867471,3.172876652
554.000000000,2.334760163,2.364637168,2.478229729,3.181144219
554.500000000,2.365246818,2.381800355,2.509591986,3.189411786
555.000000000,2.398963543,2.398963543,2.540954244,3.197679353
555.500000000,2.435679245,2.444524870,2.572316501,3.205946921
556.000000000,2.475143151,2.490086198,2.603678759,3.214214488
556.500000000,2.517086416,2.535647526,2.635041016,3.222482055
557.000000000,2.561223860,2.581208853,2.666403274,3.230749622
557.500000000,2.607255795,2.626770181,2.697765531,3.239017190
558.000000000,2.654869949,2.672331508,2.729127789,3.247284757
558.500000000,2.703743472,2.717892836,2.760490046,3.255552324
559.000000000,2.753544998,2.763454164,2.791852304,3.263819891
559.500000000,2.803936774,2.809015491,2.823214561,3.272087459
560.000000000,2.854576819,2.854576819,2.854576819,3.280355026
560.500000000,2.905121118,2.899194464,2.884133296,3.288622593
561.000000000,2.955225823,2.943812108,2.913689774,3.296890161
561.500000000,3.004549457,2.988429753,2.943246252,3.305157728
562.000000000,3.052755105,3.033047398,2.972802729,3.313425295
562.500000000,3.099512574,3.077665043,3.002359207,3.321692862
563.000000000,3.144500516,3.122282688,3.031915685,3.329960430
563.500000000,3.187408490,3.166900333,3.061472162,3.338227997
564.000000000,3.227938965,3.211517977,3.091028640,3.346495564
564.500000000,3.265809240,3.256135622,3.120585117,3.354763131
565.000000000,3.300753267,3.300753267,3.150141595,3.363030699
565.500000000,3.332523379,3.315248577,3.179698073,3.371298266
566.000000000,3.360891899,3.329743888,3.209254550,3.379565833
566.500000000,3.385652628,3.344239198,3.238811028,3.387833400
567.000000000,3.406622198,3.358734509,3.268367506,3.396100968
567.500000000,3.423641281,3.373229819,3.297923983,3.404368535
568.000000000,3.436575653,3.387725130,3.327480461,3.412636102
568.500000000,3.445317101,3.402220440,3.357036938,3.420903669
569.000000000,3.449784165,3.416715750,3.386593416,3.429171237
569.500000000,3.449922719,3.431211061,3.416149894,3.437438804
570.000000000,3.445706371,3.445706371,3.445706371,3.445706371
570.500000000,3.437136708,3.418935576,3.405367953,3.438277932
571.000000000,3.424243347,3.392164780,3.365029534,3.430849492
571.500000000,3.407083825,3.365393985,3.324691116,3.423421053
572.000000000,3.385743309,3.338623190,3.284352698,3.415992613
572.500000000,3.360334133,3.311852394,3.244014279,3.408564174
573.000000000,3.330995167,3.285081599,3.203675861,3.401135734
573.500000000,3.297891020,3.258310804,3.163337442,3.393707295
574.000000000,3.261211078,3.231540008,3.122999024,3.386278855
574.500000000,3.221168394,3.204769213,3.082660605,3.378850416
575.000000000,3.177998417,3.177998417,3.042322187,3.371421976
575.500000000,3.131957597,3.124092376,3.001983768,3.363993537
576.000000000,3.083321838,3.070186334,2.961645350,3.356565097
576.500000000,3.032384846,3.016280293,2.921306932,3.349136657
577.000000000,2.979456353,2.962374251,2.880968513,3.341708218
577.500000000,2.924860239,2.908468210,2.840630095,3.334279778
578.000000000,2.868932572,2.854562168,2.800291676,3.326851339
578.500000000,2.812019561,2.800656127,2.759953258,3.319422899
579.000000000,2.754475445,2.746750085,2.719614839,3.311994460
579.500000000,2.696660334,2.692844044,2.679276421,3.304566020
580.000000000,2.638938002,2.638938002,2.638938002,3.297137581
580.500000000,2.581673662,2.589545960,2.607237327,3.289709141
581.000000000,2.525231722,2.540153918,2.575536651,3.282280702
581.500000000,2.469973548,2.490761875,2.543835975,3.274852262
582.000000000,2.416255238,2.441369833,2.512135299,3.267423823
582.500000000,2.364425428,2.391977791,2.480434623,3.259995383
583.000000000,2.314823138,2.342585748,2.448733947,3.252566944
583.500000000,2.267775673,2.293193706,2.417033271,3.245138504
584.000000000,2.223596599,2.243801663,2.385332595,3.237710065
584.500000000,2.182583790,2.194409621,2.353631919,3.230281625
585.000000000,2.145017579,2.145017579,2.321931243,3.222853186
585.500000000,2.111159004,2.131008269,2.290230567,3.215424746
586.000000000,2.081248177,2.116998960,2.258529891,3.207996307
586.500000000,2.055502775,2.102989650,2.226829215,3.200567867
587.000000000,2.034116667,2.088980340,2.195128539,3.193139428
587.500000000,2.017258682,2.074971031,2.163427863,3.185710988
588.000000000,2.005071532,2.060961721,2.131727187,3.178282549
588.500000000,1.997670892,2.046952412,2.100026511,3.170854109
589.000000000,1.995144641,2.032943102,2.068325835,3.163425669
589.500000000,1.997552273,2.018933793,2.036625159,3.155997230
590.000000000,2.004924483,2.004924483,2.004924483,3.148568790
590.500000000,2.017262921,2.038222190,2.054678259,3.141140351
591.000000000,2.034540129,2.071519896,2.104432035,3.133711911
591.500000000,2.056699651,2.104817602,2.154185811,3.126283472
592.000000000,2.083656320,2.138115308,2.203939587,3.118855032
592.500000000,2.115296722,2.171413014,2.253693362,3.111426593
593.000000000,2.151479825,2.204710721,2.303447138,3.103998153
593.500000000,2.192037787,2.238008427,2.353200914,3.096569714
594.000000000,2.236776915,2.271306133,2.402954690,3.089141274
594.500000000,2.285478791,2.304603839,2.452708466,3.081712835
595.000000000,2.337901545,2.337901545,2.502462242,3.074284395
595.500000000,2.393781269,2.404111391,2.552216017,3.066855956
596.000000000,2.452833566,2.470321236,2.601969793,3.059427516
596.500000000,2.514755230,2.536531082,2.651723569,3.051999077
597.000000000,2.579226030,2.602740927,2.701477345,3.044570637
597.500000000,2.645910607,2.668950773,2.751231121,3.037142198
598.000000000,2.714460458,2.735160618,2.800984897,3.029713758
598.500000000,2.784516003,2.801370464,2.850738672,3.022285319
599.000000000,2.855708717,2.867580309,2.900492448,3.014856879
599.500000000,2.927663319,2.933790155,2.950246224,3.007428440
600.000000000,3.000000000,3.000000000,3.000000000,3.000000000
600.500000000,3.072336681,3.066209845,3.049753776,2.992571560
601.000000000,3.144291283,3.132419691,3.099507552,2.985143121
601.500000000,3.215483997,3.198629536,3.149261328,2.977714681
602.000000000,3.285539542,3.264839382,3.199015103,2.970286242
602.500000000,3.354089393,3.331049227,3.248768879,2.962857802
603.000000000,3.420773970,3.397259073,3.298522655,2.955429363
603.500000000,3.485244770,3.463468918,3.348276431,2.948000923
604.000000000,3.547166434,3.529678764,3.398030207,2.940572484
604.500000000,3.606218731,3.595888609,3.447783983,2.933144044
605.000000000,3.662098455,3.662098455,3.497537758,2.925715605
605.500000000,3.714521209,3.695396161,3.547291534,2.918287165
606.000000000,3.763223085,3.728693867,3.597045310,2.910858726
606.500000000,3.807962213,3.761991573,3.646799086,2.903430286
607.000000000,3.848520175,3.795289279,3.696552862,2.896001847
607.500000000,3.884703278,3.828586986,3.746306638,2.888573407
608.000000000,3.916343680,3.861884692,3.796060413,2.881144968
608.500000000,3.943300349,3.895182398,3.845814189,2.873716528
609.000000000,3.965459871,3.928480104,3.895567965,2.866288089
609.500000000,3.982737079,3.961777810,3.945321741,2.858859649
610.000000000,3.995075517,3.995075517,3.995075517,2.851431210
610.500000000,4.002447727,3.981066207,3.963374841,2.844002770
611.000000000,4.004855359,3.967056898,3.931674165,2.836574331
611.500000000,4.002329108,3.953047588,3.899973489,2.829145891
612.000000000,3.994928468,3.939038279,3.868272813,2.821717451
612.500000000,3.982741318,3.925028969,3.836572137,2.814289012
613.000000000,3.965883333,3.911019660,3.804871461,2.806860572
613.500000000,3.944497225,3.897010350,3.773170785,2.799432133
614.000000000,3.918751823,3.883001040,3.741470109,2.792003693
614.500000000,3.888840996,3.868991731,3.709769433,2.784575254
615.000000000,3.854982421,3.854982421,3.678068757,2.777146814
615.500000000,3.817416210,3.805590379,3.646368081,2.769718375
616.000000000,3.776403401,3.756198337,3.614667405,2.762289935
616.500000000,3.732224327,3.706806294,3.582966729,2.754861496
617.000000000,3.685176862,3.657414252,3.551266053,2.747433056
617.500000000,3.635574572,3.608022209,3.519565377,2.740004617
618.000000000,3.583744762,3.558630167,3.487864701,2.732576177
618.500000000,3.530026452,3.509238125,3.456164025,2.725147738
619.000000000,3.474768278,3.459846082,3.424463349,2.717719298
619.500000000,3.418326338,3.410454040,3.392762673,2.710290859
620.000000000,3.361061998,3.361061998,3.361061998,2.702862419
620.500000000,3.303339666,3.307155956,3.320723579,2.695433980
621.000000000,3.245524555,3.253249915,3.280385161,2.688005540
621.500000000,3.187980439,3.199343873,3.240046742,2.680577101
622.000000000,3.131067428,3.145437832,3.199708324,2.673148661
622.500000000,3.075139761,3.091531790,3.159369905,2.665720222
623.000000000,3.020543647,3.037625749,3.119031487,2.658291782
623.500000000,2.967615154,2.983719707,3.078693068,2.650863343
624.000000000,2.916678162,2.929813666,3.038354650,2.643434903
624.500000000,2.868042403,2.875907624,2.998016232,2.636006463
625.000000000,2.822001583,2.822001583,2.957677813,2.628578024
625.500000000,2.778831606,2.795230787,2.917339395,2.621149584
626.000000000,2.738788922,2.768459992,2.877000976,2.613721145
626.500000000,2.702108980,2.741689196,2.836662558,2.606292705
627.000000000,2.669004833,2.714918401,2.796324139,2.598864266
627.500000000,2.639665867,2.688147606,2.755985721,2.591435826
628.000000000,2.614256691,2.661376810,2.715647302,2.584007387
628.500000000,2.592916175,2.634606015,2.675308884,2.576578947
629.000000000,2.575756653,2.607835220,2.634970466,2.569150508
629.500000000,2.562863292,2.581064424,2.594632047,2.561722068
630.000000000,2.554293629,2.554293629,2.554293629,2.554293629
630.500000000,2.550077281,2.568788939,2.583850106,2.562561196
631.000000000,2.550215835,2.583284250,2.613406584,2.570828763
631.500000000,2.554682899,2.597779560,2.642963062,2.579096331
632.000000000,2.563424347,2.612274870,2.672519539,2.587363898
632.500000000,2.576358719,2.626770181,2.702076017,2.595631465
633.000000000,2.593377802,2.641265491,2.731632494,2.603899032
633.500000000,2.614347372,2.655760802,2.761188972,2.612166600
634.000000000,2.639108101,2.670256112,2.790745450,2.620434167
634.500000000,2.667476621,2.684751423,2.820301927,2.628701734
635.000000000,2.699246733,2.699246733,2.849858405,2.636969301
635.500000000,2.734190760,2.743864378,2.879414883,2.645236869
636.000000000,2.772061035,2.788482023,2.908971360,2.653504436
636.500000000,2.812591510,2.833099667,2.938527838,2.661772003
637.000000000,2.855499484,2.877717312,2.968084315,2.670039570
637.500000000,2.900487426,2.922334957,2.997640793,2.678307138
638.000000000,2.947244895,2.966952602,3.027197271,2.686574705
638.500000000,2.995450543,3.011570247,3.056753748,2.694842272
639.000000000,3.044774177,3.056187892,3.086310226,2.703109839
639.500000000,3.094878882,3.100805536,3.115866704,2.711377407
640.000000000,3.145423181,3.145423181,3.145423181,2.719644974
640.500000000,3.196063226,3.190984509,3.176785439,2.727912541
641.000000000,3.246455002,3.236545836,3.208147696,2.736180109
641.500000000,3.296256528,3.282107164,3.239509954,2.744447676
642.000000000,3.345130051,3.327668492,3.270872211,2.752715243
642.500000000,3.392744205,3.373229819,3.302234469,2.760982810
643.000000000,3.438776140,3.418791147,3.333596726,2.769250378
643.500000000,3.482913584,3.464352474,3.364958984,2.777517945
644.000000000,3.524856849,3.509913802,3.396321241,2.785785512
644.500000000,3.564320755,3.555475130,3.427683499,2.794053079
645.000000000,3.601036457,3.601036457,3.459045756,2.802320647
645.500000000,3.634753182,3.618199645,3.490408014,2.810588214
646.000000000,3.665239837,3.635362832,3.521770271,2.818855781
646.500000000,3.692286508,3.652526019,3.553132529,2.827123348
647.000000000,3.715705815,3.669689207,3.584494786,2.835390916
647.500000000,3.735334133,3.686852394,3.615857044,2.843658483
648.000000000,3.751032661,3.704015582,3.647219301,2.851926050
648.500000000,3.762688337,3.721178769,3.678581559,2.860193617
649.000000000,3.770214588,3.738341957,3.709943816,2.868461185
649.500000000,3.773551920,3.755505144,3.741306074,2.876728752
650.000000000,3.772668332,3.772668332,3.772668332,2.884996319
650.500000000,3.767559561,3.749828307,3.736552298,2.893263886
651.000000000,3.758249154,3.726988283,3.700436265,2.901531454
651.500000000,3.744788363,3.704148259,3.664320231,2.909799021
652.000000000,3.727255865,3.681308234,3.628204198,2.918066588
652.500000000,3.705757314,3.658468210,3.592088165,2.926334156
653.000000000,3.680424719,3.635628186,3.555972131,2.934601723
653.500000000,3.651415661,3.612788161,3.519856098,2.942869290
654.000000000,3.618912342,3.589948137,3.483740065,2.951136857
654.500000000,3.583120487,3.567108113,3.447624031,2.959404425
655.000000000,3.544268088,3.544268088,3.411507998,2.967671992
655.500000000,3.502604020,3.494876046,3.375391965,2.975939559
656.000000000,3.458396510,3.445484004,3.339275931,2.984207126
656.500000000,3.411931494,3.396091961,3.303159898,2.992474694
657.000000000,3.363510859,3.346699919,3.267043865,3.000742261
657.500000000,3.313450577,3.297307876,3.230927831,3.009009828
658.000000000,3.262078758,3.247915834,3.194811798,3.017277395
658.500000000,3.209733620,3.198523792,3.158695765,3.025544963
659.000000000,3.156761387,3.149131749,3.122579731,3.033812530
659.500000000,3.103514148,3.099739707,3.086463698,3.042080097
660.000000000,3.050347664,3.050347664,3.050347664,3.050347664
660.500000000,2.997619156,3.005272338,3.022491863,3.073669409
661.000000000,2.945685074,2.960197011,2.994636061,3.096991154
661.500000000,2.894898876,2.915121684,2.966780259,3.120312898
662.000000000,2.845608815,2.870046358,2.938924458,3.143634643
662.500000000,2.798155757,2.824971031,2.911068656,3.166956387
663.000000000,2.752871045,2.779895704,2.883212854,3.190278132
663.500000000,2.710074409,2.734820378,2.855357053,3.213599876
664.000000000,2.670071957,2.689745051,2.827501251,3.236921621
664.500000000,2.633154238,2.644669724,2.799645449,3.260243365
665.000000000,2.599594397,2.599594397,2.771789648,3.283565110
665.500000000,2.569646447,2.588958121,2.743933846,3.306886854
666.000000000,2.543543639,2.578321844,2.716078045,3.330208599
666.500000000,2.521496968,2.567685568,2.688222243,3.353530343
667.000000000,2.503693815,2.557049291,2.660366441,3.376852088
667.500000000,2.490296722,2.546413014,2.632510640,3.400173832
668.000000000,2.481442331,2.535776738,2.604654838,3.423495577
668.500000000,2.477240470,2.525140461,2.576799036,3.446817321
669.000000000,2.477773405,2.514504184,2.548943235,3.470139066
669.500000000,2.483095265,2.503867908,2.521087433,3.493460810
670.000000000,2.493231631,2.493231631,2.493231631,3.516782555
670.500000000,2.508179305,2.528375459,2.543908468,3.540104299
671.000000000,2.527906250,2.563519288,2.594585305,3.563426044
671.500000000,2.552351713,2.598663116,2.645262142,3.586747788
672.000000000,2.581426517,2.633806944,2.695938979,3.610069533
672.500000000,2.615013532,2.668950773,2.746615816,3.633391277
673.000000000,2.652968311,2.704094601,2.797292652,3.656713022
673.500000000,2.695119903,2.739238429,2.847969489,3.680034766
674.000000000,2.741271820,2.774382258,2.898646326,3.703356511
674.500000000,2.791203167,2.809526086,2.949323163,3.726678255
675.000000000,2.844669914,2.844669914,3.000000000,3.750000000
675.500000000,2.901406323,2.910879760,3.050676837,3.773321745
676.000000000,2.961126495,2.977089605,3.101353674,3.796643489
676.500000000,3.023526050,3.043299451,3.152030511,3.819965234
677.000000000,3.088283921,3.109509296,3.202707348,3.843286978
677.500000000,3.155064245,3.175719141,3.253384184,3.866608723
678.000000000,3.223518350,3.241928987,3.304061021,3.889930467
678.500000000,3.293286824,3.308138832,3.354737858,3.913252212
679.000000000,3.364001646,3.374348678,3.405414695,3.936573956
679.500000000,3.435288373,3.440558523,3.456091532,3.959895701
680.000000000,3.506768369,3.506768369,3.506768369,3.983217445
680.500000000,3.578061056,3.571132092,3.553912567,4.006539190
681.000000000,3.648786188,3.635495816,3.601056765,4.029860934
681.500000000,3.718566113,3.699859539,3.648200964,4.053182679
682.000000000,3.787028027,3.764223262,3.695345162,4.076504423
682.500000000,3.853806203,3.828586986,3.742489360,4.099826168
683.000000000,3.918544167,3.892950709,3.789633559,4.123147912
683.500000000,3.980896832,3.957314432,3.836777757,4.146469657
684.000000000,4.040532555,4.021678156,3.883921955,4.169791401
684.500000000,4.097135115,4.086041879,3.931066154,4.193113146
685.000000000,4.150405603,4.150405603,3.978210352,4.216434890
685.500000000,4.200064200,4.180330276,4.025354551,4.239756635
686.000000000,4.245851849,4.210254949,4.072498749,4.263078379
686.500000000,4.287531791,4.240179622,4.119642947,4.286400124
687.000000000,4.324890974,4.270104296,4.166787146,4.309721868
687.500000000,4.357741318,4.300028969,4.213931344,4.333043613
688.000000000,4.385920827,4.329953642,4.261075542,4.356365357
688.500000000,4.409294542,4.359878316,4.308219741,4.379687102
689.000000000,4.427755333,4.389802989,4.355363939,4.403008846
689.500000000,4.441224523,4.419727662,4.402508137,4.426330591
690.000000000,4.449652336,4.449652336,4.449652336,4.449652336
690.500000000,4.453018174,4.431326310,4.413536302,4.432919903
691.000000000,4.451330717,4.413000285,4.377420269,4.416187470
691.500000000,4.444627844,4.394674260,4.341304235,4.399455037
692.000000000,4.432976375,4.376348235,4.305188202,4.382722605
692.500000000,4.416471647,4.358022209,4.269072169,4.365990172
693.000000000,4.395236909,4.339696184,4.232956135,4.349257739
693.500000000,4.369422553,4.321370159,4.196840102,4.332525306
694.000000000,4.339205175,4.303044134,4.160724069,4.315792874
694.500000000,4.304786490,4.284718109,4.124608035,4.299060441
695.000000000,4.266392083,4.266392083,4.088492002,4.282328008
695.500000000,4.224270024,4.212486042,4.052375969,4.265595575
696.000000000,4.178689343,4.158580000,4.016259935,4.248863143
696.500000000,4.129938386,4.104673959,3.980143902,4.232130710
697.000000000,4.078323049,4.050767917,3.944027869,4.215398277
697.500000000,4.024164910,3.996861876,3.907911835,4.198665844
698.000000000,3.967799268,3.942955834,3.871795802,4.181933412
698.500000000,3.909573100,3.889049793,3.835679769,4.165200979
699.000000000,3.849842950,3.835143751,3.799563735,4.148468546
699.500000000,3.788972761,3.781237710,3.763447702,4.131736114
700.000000000,3.727331668,3.727331668,3.727331668,4.115003681
700.500000000,3.665291759,3.669494856,3.683693926,4.098271248
701.000000000,3.603225819,3.611658043,3.640056184,4.081538815
701.500000000,3.541505081,3.553821231,3.596418441,4.064806383
702.000000000,3.480496980,3.495984418,3.552780699,4.048073950
702.500000000,3.420562942,3.438147606,3.509142956,4.031341517
703.000000000,3.362056204,3.380310793,3.465505214,4.014609084
703.500000000,3.305319692,3.322473981,3.421867471,3.997876652
704.000000000,3.250683969,3.264637168,3.378229729,3.981144219
704.500000000,3.198465256,3.206800355,3.334591986,3.964411786
705.000000000,3.148963543,3.148963543,3.290954244,3.947679353
705.500000000,3.102460807,3.119524870,3.247316501,3.930946921
706.000000000,3.059219344,3.090086198,3.203678759,3.914214488
706.500000000,3.019480216,3.060647526,3.160041016,3.897482055
707.000000000,2.983461841,3.031208853,3.116403274,3.880749622
707.500000000,2.951358719,3.001770181,3.072765531,3.864017190
708.000000000,2.923340308,2.972331508,3.029127789,3.847284757
708.500000000,2.899550054,2.942892836,2.985490046,3.830552324
709.000000000,2.880104591,2.913454164,2.941852304,3.813819891
709.500000000,2.865093095,2.884015491,2.898214561,3.797087459
710.000000000,2.854576819,2.854576819,2.854576819,3.780355026
710.500000000,2.848588796,2.868128446,2.884133296,3.763622593
711.000000000,2.847133718,2.881680074,2.913689774,3.746890161
711.500000000,2.850187994,2.895231702,2.943246252,3.730157728
712.000000000,2.857699972,2.908783329,2.972802729,3.713425295
712.500000000,2.869590351,2.922334957,3.002359207,3.696692862
713.000000000,2.885752748,2.935886585,3.031915685,3.679960430
713.500000000,2.906054443,2.949438212,3.061472162,3.663227997
714.000000000,2.930337280,2.962989840,3.091028640,3.646495564
714.500000000,2.958418730,2.976541468,3.120585117,3.629763131
715.000000000,2.990093095,2.990093095,3.150141595,3.613030699
715.500000000,3.025132868,3.035654423,3.179698073,3.596298266
716.000000000,3.063290214,3.081215750,3.209254550,3.579565833
716.500000000,3.104298582,3.126777078,3.238811028,3.562833400
717.000000000,3.147874430,3.172338406,3.268367506,3.546100968
717.500000000,3.193719057,3.217899733,3.297923983,3.529368535
718.000000000,3.241520520,3.263461061,3.327480461,3.512636102
718.500000000,3.290955638,3.309022388,3.357036938,3.495903669
719.000000000,3.341692061,3.354583716,3.386593416,3.479171237
719.500000000,3.393390397,3.400145044,3.416149894,3.462438804
720.000000000,3.445706371,3.445706371,3.445706371,3.445706371
720.500000000,3.498293029,3.493935576,3.480367953,3.438277932
721.000000000,3.550802940,3.542164780,3.515029534,3.430849492
721.500000000,3.602890408,3.590393985,3.549691116,3.423421053
722.000000000,3.654213667,3.638623190,3.584352698,3.415992613
722.500000000,3.704437058,3.686852394,3.619014279,3.408564174
723.000000000,3.753233149,3.735081599,3.653675861,3.401135734
723.500000000,3.800284820,3.783310804,3.688337442,3.393707295
724.000000000,3.845287272,3.831540008,3.722999024,3.386278855
724.500000000,3.887949956,3.879769213,3.757660605,3.378850416
725.000000000,3.927998417,3.927998417,3.792322187,3.371421976
725.500000000,3.965176035,3.949092376,3.826983768,3.363993537
726.000000000,3.999245645,3.970186334,3.861645350,3.356565097
726.500000000,4.029991046,3.991280293,3.896306932,3.349136657
727.000000000,4.057218371,4.012374251,3.930968513,3.341708218
727.500000000,4.080757314,4.033468210,3.965630095,3.334279778
728.000000000,4.100462213,4.054562168,4.000291676,3.326851339
728.500000000,4.116212978,4.075656127,4.034953258,3.319422899
729.000000000,4.127915852,4.096750085,4.069614839,3.311994460
729.500000000,4.135504013,4.117844044,4.104276421,3.304566020
730.000000000,4.138938002,4.138938002,4.138938002,3.297137581
730.500000000,4.138205984,4.120611977,4.107237327,3.289709141
731.000000000,4.133323826,4.102285952,4.075536651,3.282280702
731.500000000,4.124335011,4.083959927,4.043835975,3.274852262
732.000000000,4.111310371,4.065633902,4.012135299,3.267423823
732.500000000,4.094347652,4.047307876,3.980434623,3.259995383
733.000000000,4.073570906,4.028981851,3.948733947,3.252566944
733.500000000,4.049129720,4.010655826,3.917033271,3.245138504
734.000000000,4.021198284,3.992329801,3.885332595,3.237710065
734.500000000,3.989974300,3.974003776,3.853631919,3.230281625
735.000000000,3.955677750,3.955677750,3.821931243,3.222853186
735.500000000,3.918549514,3.910602424,3.790230567,3.215424746
736.000000000,3.878849862,3.865527097,3.758529891,3.207996307
736.500000000,3.836856822,3.820451770,3.726829215,3.200567867
737.000000000,3.792864435,3.775376444,3.695128539,3.193139428
737.500000000,3.747180906,3.730301117,3.663427863,3.185710988
738.000000000,3.700126665,3.685225790,3.631727187,3.178282549
738.500000000,3.652032355,3.640150463,3.600026511,3.170854109
739.000000000,3.603236745,3.595075137,3.568325835,3.163425669
739.500000000,3.554084596,3.549999810,3.536625159,3.155997230
740.000000000,3.504924483,3.504924483,3.504924483,3.148568790
740.500000000,3.456106600,3.463222190,3.479678259,3.141140351
741.000000000,3.407980536,3.421519896,3.454432035,3.133711911
741.500000000,3.360893069,3.379817602,3.429185811,3.126283472
742.000000000,3.315185962,3.338115308,3.403939587,3.118855032
742.500000000,3.271193797,3.296413014,3.378693362,3.111426593
743.000000000,3.229241844,3.254710721,3.353447138,3.103998153
743.500000000,3.189643987,3.213008427,3.328200914,3.096569714
744.000000000,3.152700721,3.171306133,3.302954690,3.089141274
744.500000000,3.118697229,3.129603839,3.277708466,3.081712835
745.000000000,3.087901545,3.087901545,3.252462242,3.074284395
745.500000000,3.060562831,3.079111391,3.227216017,3.066855956
746.000000000,3.036909759,3.070321236,3.201969793,3.059427516
746.500000000,3.017149030,3.061531082,3.176723569,3.051999077
747.000000000,3.001464011,3.052740927,3.151477345,3.044570637
747.500000000,2.990013532,3.043950773,3.126231121,3.037142198
748.000000000,2.982930817,3.035160618,3.100984897,3.029713758
748.500000000,2.980322586,3.026370464,3.075738672,3.022285319
749.000000000,2.982268311,3.017580309,3.050492448,3.014856879
749.500000000,2.988819641,3.008790155,3.025246224,3.007428440
750.000000000,3.000000000,3.000000000,3.000000000,3.000000000
750.500000000,3.015804359,3.035143828,3.049753776,3.017571560
751.000000000,3.036199178,3.070287657,3.099507552,3.035143121
751.500000000,3.061122534,3.105431485,3.149261328,3.052714681
752.000000000,3.090484409,3.140575313,3.199015103,3.070286242
752.500000000,3.124167169,3.175719141,3.248768879,3.087857802
753.000000000,3.162026202,3.210862970,3.298522655,3.105429363
753.500000000,3.203890723,3.246006798,3.348276431,3.123000923
754.000000000,3.249564749,3.281150626,3.398030207,3.140572484
754.500000000,3.298828221,3.316294455,3.447783983,3.158144044
755.000000000,3.351438283,3.351438283,3.497537758,3.175715605
755.500000000,3.407130698,3.415802006,3.547291534,3.193287165
756.000000000,3.465621400,3.480165730,3.597045310,3.210858726
756.500000000,3.526608166,3.544529453,3.646799086,3.228430286
757.000000000,3.589772407,3.608893176,3.696552862,3.246001847
757.500000000,3.654781054,3.673256900,3.746306638,3.263573407
758.000000000,3.721288547,3.737620623,3.796060413,3.281144968
758.500000000,3.788938886,3.801984347,3.845814189,3.298716528
759.000000000,3.857367767,3.866348070,3.895567965,3.316288089
759.500000000,3.926204757,3.930711793,3.945321741,3.333859649
760.000000000,3.995075517,3.995075517,3.995075517,3.351431210
760.500000000,4.063604048,4.056066207,4.038374841,3.369002770
761.000000000,4.131414952,4.117056898,4.081674165,3.386574331
761.500000000,4.198135690,4.178047588,4.124973489,3.404145891
762.000000000,4.263398826,4.239038279,4.168272813,3.421717451
762.500000000,4.326844243,4.300028969,4.211572137,3.439289012
763.000000000,4.388121314,4.361019660,4.254871461,3.456860572
763.500000000,4.446891025,4.422010350,4.298170785,3.474432133
764.000000000,4.502828017,4.483001040,4.341470109,3.492003693
764.500000000,4.555622558,4.543991731,4.384769433,3.509575254
765.000000000,4.604982421,4.604982421,4.428068757,3.527146814
765.500000000,4.650634648,4.630590379,4.471368081,3.544718375
766.000000000,4.692327208,4.656198337,4.514667405,3.562289935
766.500000000,4.729830527,4.681806294,4.557966729,3.579861496
767.000000000,4.762938881,4.707414252,4.601266053,3.597433056
767.500000000,4.791471647,4.733022209,4.644565377,3.615004617
768.000000000,4.815274403,4.758630167,4.687864701,3.632576177
768.500000000,4.834219870,4.784238125,4.731164025,3.650147738
769.000000000,4.848208685,4.809846082,4.774463349,3.667719298
769.500000000,4.857170017,4.835454040,4.817762673,3.685290859
770.000000000,4.861061998,4.861061998,4.861061998,3.702862419
770.500000000,4.859871988,4.838221973,4.820723579,3.720433980
771.000000000,4.853616659,4.815381949,4.780385161,3.738005540
771.500000000,4.842341902,4.792541925,4.740046742,3.755577101
772.000000000,4.826122561,4.769701900,4.699708324,3.773148661
772.500000000,4.805061985,4.746861876,4.659369905,3.790720222
773.000000000,4.779291415,4.724021852,4.619031487,3.808291782
773.500000000,4.748969201,4.701181827,4.578693068,3.825863343
774.000000000,4.714279847,4.678341803,4.538354650,3.843434903
774.500000000,4.675432914,4.655501779,4.498016232,3.861006463
775.000000000,4.632661754,4.632661754,4.457677813,3.878578024
775.500000000,4.586222117,4.574824942,4.417339395,3.896149584
776.000000000,4.536390607,4.516988129,4.377000976,3.913721145
776.500000000,4.483463027,4.459151317,4.336662558,3.931292705
777.000000000,4.427752601,4.401314504,4.296324139,3.948864266
777.500000000,4.369588091,4.343477692,4.255985721,3.966435826
778.000000000,4.309311824,4.285640879,4.215647302,3.984007387
778.500000000,4.247277638,4.227804066,4.175308884,4.001578947
779.000000000,4.183848757,4.169967254,4.134970466,4.019150508
779.500000000,4.119395614,4.112130441,4.094632047,4.036722068
780.000000000,4.054293629,4.054293629,4.054293629,4.054293629
780.500000000,3.988920960,3.993788939,4.008850106,4.062561196
781.000000000,3.923656241,3.933284250,3.963406584,4.070828763
781.500000000,3.858876317,3.872779560,3.917963062,4.079096331
782.000000000,3.794953989,3.812274870,3.872519539,4.087363898
782.500000000,3.732255795,3.751770181,3.827076017,4.095631465
783.000000000,3.671139820,3.691265491,3.781632494,4.103899032
783.500000000,3.611953571,3.630760802,3.736188972,4.112166600
784.000000000,3.555031907,3.570256112,3.690745450,4.120434167
784.500000000,3.500695059,3.509751423,3.645301927,4.128701734
785.000000000,3.449246733,3.449246733,3.599858405,4.136969301
785.500000000,3.400972322,3.418864378,3.554414883,4.145236869
786.000000000,3.356137228,3.388482023,3.508971360,4.153504436
786.500000000,3.314985311,3.358099667,3.463527838,4.161772003
787.000000000,3.277737466,3.327717312,3.418084315,4.170039570
787.500000000,3.244590351,3.297334957,3.372640793,4.178307138
788.000000000,3.215715254,3.266952602,3.327197271,4.186574705
788.500000000,3.191257126,3.236570247,3.281753748,4.194842272
789.000000000,3.171333771,3.206187892,3.236310226,4.203109839
789.500000000,3.156035204,3.175805536,3.190866704,4.211377407
790.000000000,3.145423181,3.145423181,3.145423181,4.219644974
790.500000000,3.139530904,3.159918492,3.176785439,4.227912541
791.000000000,3.138362898,3.174413802,3.208147696,4.236180109
791.500000000,3.141895065,3.188909112,3.239509954,4.244447676
792.000000000,3.150074918,3.203404423,3.270872211,4.252715243
792.500000000,3.162821982,3.217899733,3.302234469,4.260982810
793.000000000,3.180028372,3.232395044,3.333596726,4.269250378
793.500000000,3.201559537,3.246890354,3.364958984,4.277517945
794.000000000,3.227255164,3.261385665,3.396321241,4.285785512
794.500000000,3.256930244,3.275880975,3.427683499,4.294053079
795.000000000,3.290376285,3.290376285,3.459045756,4.302320647
795.500000000,3.327362671,3.338605490,3.490408014,4.310588214
796.000000000,3.367638152,3.386834695,3.521770271,4.318855781
796.500000000,3.410932461,3.435063899,3.553132529,4.327123348
797.000000000,3.456958047,3.483293104,3.584494786,4.335390916
797.500000000,3.505411909,3.531522308,3.615857044,4.343658483
798.000000000,3.555977528,3.579751513,3.647219301,4.351926050
798.500000000,3.608326874,3.627980718,3.678581559,4.360193617
799.000000000,3.662122484,3.676209922,3.709943816,4.368461185
799.500000000,3.717019598,3.724439127,3.741306074,4.376728752
800.000000000,3.772668332,3.772668332,3.772668332,4.384996319
800.500000000,3.828715882,3.824828307,3.811552298,4.393263886
801.000000000,3.884808748,3.876988283,3.850436265,4.401531454
801.500000000,3.940594946,3.929148259,3.889320231,4.409799021
802.000000000,3.995726224,3.981308234,3.928204198,4.418066588
802.500000000,4.049860239,4.033468210,3.967088165,4.426334156
803.000000000,4.102662701,4.085628186,4.005972131,4.434601723
803.500000000,4.153809462,4.137788161,4.044856098,4.442869290
804.000000000,4.202988536,4.189948137,4.083740065,4.451136857
804.500000000,4.249902049,4.242108113,4.122624031,4.459404425
805.000000000,4.294268088,4.294268088,4.161507998,4.467671992
805.500000000,4.335822458,4.319876046,4.200391965,4.475939559
806.000000000,4.374320316,4.345484004,4.239275931,4.484207126
806.500000000,4.409537694,4.371091961,4.278159898,4.492474694
807.000000000,4.441272877,4.396699919,4.317043865,4.500742261
807.500000000,4.469347652,4.422307876,4.355927831,4.509009828
808.000000000,4.493608400,4.447915834,4.394811798,4.517277395
808.500000000,4.513927037,4.473523792,4.433695765,4.525544963
809.000000000,4.530201793,4.499131749,4.472579731,4.533812530
809.500000000,4.542357827,4.524739707,4.511463698,4.542080097
810.000000000,4.550347664,4.550347664,4.550347664,4.550347664
810.500000000,4.554151478,4.536338355,4.522491863,4.548669409
811.000000000,4.553777178,4.522329045,4.494636061,4.546991154
811.500000000,4.549260339,4.508319736,4.466780259,4.545312898
812.000000000,4.540663948,4.494310426,4.438924458,4.543634643
812.500000000,4.528077981,4.480301117,4.411068656,4.541956387
813.000000000,4.511618813,4.466291807,4.383212854,4.540278132
813.500000000,4.491428456,4.452282498,4.355357053,4.538599876
814.000000000,4.467673642,4.438273188,4.327501251,4.536921621
814.500000000,4.440544748,4.424263879,4.299645449,4.535243365
815.000000000,4.410254569,4.410254569,4.271789648,4.533565110
815.500000000,4.377036958,4.368552275,4.243933846,4.531886854
816.000000000,4.341145324,4.326849982,4.216078045,4.530208599
816.500000000,4.302851015,4.285147688,4.188222243,4.528530343
817.000000000,4.262441582,4.243445394,4.160366441,4.526852088
817.500000000,4.220218946,4.201743100,4.132510640,4.525173832
818.000000000,4.176497464,4.160040806,4.104654838,4.523495577
818.500000000,4.131601933,4.118338513,4.076799036,4.521817321
819.000000000,4.085865509,4.076636219,4.048943235,4.520139066
819.500000000,4.039627587,4.034933925,4.021087433,4.518460810
820.000000000,3.993231631,3.993231631,3.993231631,4.516782555
820.500000000,3.947022983,3.953375459,3.968908468,4.515104299
821.000000000,3.901346656,3.913519288,3.944585305,4.513426044
821.500000000,3.856545130,3.873663116,3.920262142,4.511747788
822.000000000,3.812956159,3.833806944,3.895938979,4.510069533
822.500000000,3.770910607,3.793950773,3.871615816,4.508391277
823.000000000,3.730730329,3.754094601,3.847292652,4.506713022
823.500000000,3.692726103,3.714238429,3.822969489,4.505034766
824.000000000,3.657195627,3.674382258,3.798646326,4.503356511
824.500000000,3.624421605,3.634526086,3.774323163,4.501678255
825.000000000,3.594669914,3.594669914,3.750000000,4.500000000
825.500000000,3.568187885,3.585879760,3.725676837,4.498321745
826.000000000,3.545202688,3.577089605,3.701353674,4.496643489
826.500000000,3.525919851,3.568299451,3.677030511,4.494965234
827.000000000,3.510521903,3.559509296,3.652707348,4.493286978
827.500000000,3.499167169,3.550719141,3.628384184,4.491608723
828.000000000,3.491988708,3.541928987,3.604061021,4.489930467
828.500000000,3.489093406,3.533138832,3.579737858,4.488252212
829.000000000,3.490561239,3.524348678,3.555414695,4.486573956
829.500000000,3.496444695,3.515558523,3.531091532,4.484895701
830.000000000,3.506768369,3.506768369,3.506768369,4.483217445
830.500000000,3.521528734,3.540066075,3.553912567,4.481539190
831.000000000,3.540694084,3.573363781,3.601056765,4.479860934
831.500000000,3.564204650,3.606661487,3.648200964,4.478182679
832.000000000,3.591972894,3.639959194,3.695345162,4.476504423
832.500000000,3.623883979,3.673256900,3.742489360,4.474826168
833.000000000,3.659796399,3.706554606,3.789633559,4.473147912
833.500000000,3.699542785,3.739852312,3.836777757,4.471469657
834.000000000,3.742930870,3.773150018,3.883921955,4.469791401
834.500000000,3.789744604,3.806447725,3.931066154,4.468113146
835.000000000,3.839745431,3.839745431,3.978210352,4.466434890
835.500000000,3.892673690,3.900736121,4.025354551,4.464756635
836.000000000,3.948250164,3.961726812,4.072498749,4.463078379
836.500000000,4.006177744,4.022717502,4.119642947,4.461400124
837.000000000,4.066143206,4.083708193,4.166787146,4.459721868
837.500000000,4.127819094,4.144698883,4.213931344,4.458043613
838.000000000,4.190865694,4.205689574,4.261075542,4.456365357
838.500000000,4.254933078,4.266680264,4.308219741,4.454687102
839.000000000,4.319663229,4.327670955,4.355363939,4.453008846
839.500000000,4.384692200,4.388661645,4.402508137,4.451330591
840.000000000,4.449652336,4.449652336,4.449652336,4.449652336
840.500000000,4.514174496,4.506326310,4.488536302,4.432919903
841.000000000,4.577890311,4.563000285,4.527420269,4.416187470
841.500000000,4.640434426,4.619674260,4.566304235,4.399455037
842.000000000,4.701446733,4.676348235,4.605188202,4.382722605
842.500000000,4.760574572,4.733022209,4.644072169,4.365990172
843.000000000,4.817474891,4.789696184,4.682956135,4.349257739
843.500000000,4.871816353,4.846370159,4.721840102,4.332525306
844.000000000,4.923281369,4.903044134,4.760724069,4.315792874
844.500000000,4.971568052,4.959718109,4.799608035,4.299060441
845.000000000,5.016392083,5.016392083,4.838492002,4.282328008
845.500000000,5.057488462,5.037486042,4.877375969,4.265595575
846.000000000,5.094613149,5.058580000,4.916259935,4.248863143
846.500000000,5.127544585,5.079673959,4.955143902,4.232130710
847.000000000,5.156085067,5.100767917,4.994027869,4.215398277
847.500000000,5.180061985,5.121861876,5.032911835,4.198665844
848.000000000,5.199328909,5.142955834,5.071795802,4.181933412
848.500000000,5.213766518,5.164049793,5.110679769,4.165200979
849.000000000,5.223283357,5.185143751,5.149563735,4.148468546
849.500000000,5.227816440,5.206237710,5.188447702,4.131736114
850.000000000,5.227331668,5.227331668,5.227331668,4.115003681
850.500000000,5.221824081,5.200560873,5.183693926,4.098271248
851.000000000,5.211317923,5.173790078,5.140056184,4.081538815
851.500000000,5.195866544,5.147019282,5.096418441,4.064806383
852.000000000,5.175552113,5.120248487,5.052780699,4.048073950
852.500000000,5.150485166,5.093477692,5.009142956,4.031341517
853.000000000,5.120803972,5.066706896,4.965505214,4.014609084
853.500000000,5.086673739,5.039936101,4.921867471,3.997876652
854.000000000,5.048285654,5.013165305,4.878229729,3.981144219
854.500000000,5.005855767,4.986394510,4.834591986,3.964411786
855.000000000,4.959623715,4.959623715,4.790954244,3.947679353
855.500000000,4.909851318,4.899119025,4.747316501,3.930946921
856.000000000,4.856821029,4.838614335,4.703678759,3.914214488
856.500000000,4.800834263,4.778109646,4.660041016,3.897482055
857.000000000,4.742209609,4.717604956,4.616403274,3.880749622
857.500000000,4.681280943,4.657100267,4.572765531,3.864017190
858.000000000,4.618395441,4.596595577,4.529127789,3.847284757
858.500000000,4.553911518,4.536090888,4.485490046,3.830552324
859.000000000,4.488196695,4.475586198,4.441852304,3.813819891
859.500000000,4.421625417,4.415081508,4.398214561,3.797087459
860.000000000,4.354576819,4.354576819,4.354576819,3.780355026
860.500000000,4.287432474,4.293128446,4.309133296,3.763622593
861.000000000,4.220574125,4.231680074,4.263689774,3.746890161
861.500000000,4.154381411,4.170231702,4.218246252,3.730157728
862.000000000,4.089229613,4.108783329,4.172802729,3.713425295
862.500000000,4.025487426,4.047334957,4.127359207,3.696692862
863.000000000,3.963514766,3.985886585,4.081915685,3.679960430
863.500000000,3.903660643,3.924438212,4.036472162,3.663227997
864.000000000,3.846261087,3.862989840,3.991028640,3.646495564
864.500000000,3.791637168,3.801541468,3.945585117,3.629763131
865.000000000,3.740093095,3.740093095,3.900141595,3.613030699
865.500000000,3.691914430,3.710654423,3.854698073,3.596298266
866.000000000,3.647366408,3.681215750,3.809254550,3.579565833
866.500000000,3.606692382,3.651777078,3.763811028,3.562833400
867.000000000,3.570112412,3.622338406,3.718367506,3.546100968
867.500000000,3.537821982,3.592899733,3.672923983,3.529368535
868.000000000,3.509990878,3.563461061,3.627480461,3.512636102
868.500000000,3.486762220,3.534022388,3.582036938,3.495903669
869.000000000,3.468251655,3.504583716,3.536593416,3.479171237
869.500000000,3.454546718,3.475145044,3.491149894,3.462438804
870.000000000,3.445706371,3.445706371,3.445706371,3.445706371
870.500000000,3.441760707,3.462869559,3.480367953,3.463277932
871.000000000,3.442710836,3.480032746,3.515029534,3.480849492
871.500000000,3.448528944,3.497195934,3.549691116,3.498421053
872.000000000,3.459158534,3.514359121,3.584352698,3.515992613
872.500000000,3.474514834,3.531522308,3.619014279,3.533564174
873.000000000,3.494485381,3.548685496,3.653675861,3.551135734
873.500000000,3.518930773,3.565848683,3.688337442,3.568707295
874.000000000,3.547685587,3.583011871,3.722999024,3.586278855
874.500000000,3.580559445,3.600175058,3.757660605,3.603850416
875.000000000,3.617338246,3.617338246,3.792322187,3.621421976
875.500000000,3.657785524,3.669498221,3.826983768,3.638993537
876.000000000,3.701643960,3.721658197,3.861645350,3.656565097
876.500000000,3.748636999,3.773818173,3.896306932,3.674136657
877.000000000,3.798470603,3.825978148,3.930968513,3.691708218
877.500000000,3.850835090,3.878138124,3.965630095,3.709279778
878.000000000,3.905407080,3.930298100,4.000291676,3.726851339
878.500000000,3.961851515,3.982458075,4.034953258,3.744422899
879.000000000,4.019823748,4.034618051,4.069614839,3.761994460
879.500000000,4.078971691,4.086778027,4.104276421,3.779566020
880.000000000,4.138938002,4.138938002,4.138938002,3.797137581
880.500000000,4.199362306,4.195611977,4.182237327,3.814709141
881.000000000,4.259883419,4.252285952,4.225536651,3.832280702
881.500000000,4.320141593,4.308959927,4.268835975,3.849852262
882.000000000,4.379780730,4.365633902,4.312135299,3.867423823
882.500000000,4.438450577,4.422307876,4.355434623,3.884995383
883.000000000,4.495808887,4.478981851,4.398733947,3.902566944
883.500000000,4.551523520,4.535655826,4.442033271,3.920138504
884.000000000,4.605274477,4.592329801,4.485332595,3.937710065
884.500000000,4.656755862,4.649003776,4.528631919,3.955281625
885.000000000,4.705677750,4.705677750,4.571931243,3.972853186
885.500000000,4.751767952,4.735602424,4.615230567,3.990424746
886.000000000,4.794773668,4.765527097,4.658529891,4.007996307
886.500000000,4.834463022,4.795451770,4.701829215,4.025567867
887.000000000,4.870626454,4.825376444,4.745128539,4.043139428
887.500000000,4.903077981,4.855301117,4.788427863,4.060710988
888.000000000,4.931656307,4.885225790,4.831727187,4.078282549
888.500000000,4.956225773,4.915150463,4.875026511,4.095854109
889.000000000,4.976677152,4.945075137,4.918325835,4.113425669
889.500000000,4.992928274,4.974999810,4.961625159,4.130997230
890.000000000,5.004924483,5.004924483,5.004924483,4.148568790
890.500000000,5.012638922,4.994288207,4.979678259,4.166140351
891.000000000,5.016072640,4.983651930,4.954432035,4.183711911
891.500000000,5.015254532,4.973015653,4.929185811,4.201283472
892.000000000,5.010241095,4.962379377,4.903939587,4.218855032
892.500000000,5.001116021,4.951743100,4.878693362,4.236426593
893.000000000,4.987989611,4.941106824,4.853447138,4.253998153
893.500000000,4.970998033,4.930470547,4.828200914,4.271569714
894.000000000,4.950302406,4.919834270,4.802954690,4.289141274
894.500000000,4.926087740,4.909197994,4.777708466,4.306712835
895.000000000,4.898561717,4.898561717,4.752462242,4.324284395
895.500000000,4.867953341,4.858705545,4.727216017,4.341855956
896.000000000,4.834511444,4.818849374,4.701969793,4.359427516
896.500000000,4.798503077,4.778993202,4.676723569,4.376999077
897.000000000,4.760211779,4.739137030,4.651477345,4.394570637
897.500000000,4.719935755,4.699280859,4.626231121,4.412142198
898.000000000,4.677985950,4.659424687,4.600984897,4.429713758
898.500000000,4.634684049,4.619568515,4.575738672,4.447285319
899.000000000,4.590360415,4.579712343,4.550492448,4.464856879
899.500000000,4.545351963,4.539856172,4.525246224,4.482428440
900.000000000,4.500000000,4.500000000,4.500000000,4.500000000
900.500000000,4.454648037,4.460143828,4.474753776,4.517571560
901.000000000,4.409639585,4.420287657,4.449507552,4.535143121
901.500000000,4.365315951,4.380431485,4.424261328,4.552714681
902.000000000,4.322014050,4.340575313,4.399015103,4.570286242
902.500000000,4.280064245,4.300719141,4.373768879,4.587857802
903.000000000,4.239788221,4.260862970,4.348522655,4.605429363
903.500000000,4.201496923,4.221006798,4.323276431,4.623000923
904.000000000,4.165488556,4.181150626,4.298030207,4.640572484
904.500000000,4.132046659,4.141294455,4.272783983,4.658144044
905.000000000,4.101438283,4.101438283,4.247537758,4.675715605
905.500000000,4.073912260,4.090802006,4.222291534,4.693287165
906.000000000,4.049697594,4.080165730,4.197045310,4.710858726
906.500000000,4.029001967,4.069529453,4.171799086,4.728430286
907.000000000,4.012010389,4.058893176,4.146552862,4.746001847
907.500000000,3.998883979,4.048256900,4.121306638,4.763573407
908.000000000,3.989758905,4.037620623,4.096060413,4.781144968
908.500000000,3.984745468,4.026984347,4.070814189,4.798716528
909.000000000,3.983927360,4.016348070,4.045567965,4.816288089
909.500000000,3.987361078,4.005711793,4.020321741,4.833859649
910.000000000,3.995075517,3.995075517,3.995075517,4.851431210
910.500000000,4.007071726,4.025000190,4.038374841,4.869002770
911.000000000,4.023322848,4.054924863,4.081674165,4.886574331
911.500000000,4.043774227,4.084849537,4.124973489,4.904145891
912.000000000,4.068343693,4.114774210,4.168272813,4.921717451
912.500000000,4.096922019,4.144698883,4.211572137,4.939289012
913.000000000,4.129373546,4.174623556,4.254871461,4.956860572
913.500000000,4.165536978,4.204548230,4.298170785,4.974432133
914.000000000,4.205226332,4.234472903,4.341470109,4.992003693
914.500000000,4.248232048,4.264397576,4.384769433,5.009575254
915.000000000,4.294322250,4.294322250,4.428068757,5.027146814
915.500000000,4.343244138,4.350996224,4.471368081,5.044718375
916.000000000,4.394725523,4.407670199,4.514667405,5.062289935
916.500000000,4.448476480,4.464344174,4.557966729,5.079861496
917.000000000,4.504191113,4.521018149,4.601266053,5.097433056
917.500000000,4.561549423,4.577692124,4.644565377,5.115004617
918.000000000,4.620219270,4.634366098,4.687864701,5.132576177
918.500000000,4.679858407,4.691040073,4.731164025,5.150147738
919.000000000,4.740116581,4.747714048,4.774463349,5.167719298
919.500000000,4.800637694,4.804388023,4.817762673,5.185290859
920.000000000,4.861061998,4.861061998,4.861061998,5.202862419
920.500000000,4.921028309,4.913221973,4.895723579,5.220433980
921.000000000,4.980176252,4.965381949,4.930385161,5.238005540
921.500000000,5.038148485,5.017541925,4.965046742,5.255577101
922.000000000,5.094592920,5.069701900,4.999708324,5.273148661
922.500000000,5.149164910,5.121861876,5.034369905,5.290720222
923.000000000,5.201529397,5.174021852,5.069031487,5.308291782
923.500000000,5.251363001,5.226181827,5.103693068,5.325863343
924.000000000,5.298356040,5.278341803,5.138354650,5.343434903
924.500000000,5.342214476,5.330501779,5.173016232,5.361006463
925.000000000,5.382661754,5.382661754,5.207677813,5.378578024
925.500000000,5.419440555,5.399824942,5.242339395,5.396149584
926.000000000,5.452314413,5.416988129,5.277000976,5.413721145
926.500000000,5.481069227,5.434151317,5.311662558,5.431292705
927.000000000,5.505514619,5.451314504,5.346324139,5.448864266
927.500000000,5.525485166,5.468477692,5.380985721,5.466435826
928.000000000,5.540841466,5.485640879,5.415647302,5.484007387
928.500000000,5.551471056,5.502804066,5.450308884,5.501578947
929.000000000,5.557289164,5.519967254,5.484970466,5.519150508
929.500000000,5.558239293,5.537130441,5.519632047,5.536722068
930.000000000,5.554293629,5.554293629,5.554293629,5.554293629
930.500000000,5.545453282,5.524854956,5.508850106,5.537561196
931.000000000,5.531748345,5.495416284,5.463406584,5.520828763
931.500000000,5.513237780,5.465977612,5.417963062,5.504096331
932.000000000,5.490009122,5.436538939,5.372519539,5.487363898
932.500000000,5.462178018,5.407100267,5.327076017,5.470631465
933.000000000,5.429887588,5.377661594,5.281632494,5.453899032
933.500000000,5.393307618,5.348222922,5.236188972,5.437166600
934.000000000,5.352633592,5.318784250,5.190745450,5.420434167
934.500000000,5.308085570,5.289345577,5.145301927,5.403701734
935.000000000,5.259906905,5.259906905,5.099858405,5.386969301
935.500000000,5.208362832,5.198458532,5.054414883,5.370236869
936.000000000,5.153738913,5.137010160,5.008971360,5.353504436
936.500000000,5.096339357,5.075561788,4.963527838,5.336772003
937.000000000,5.036485234,5.014113415,4.918084315,5.320039570
937.500000000,4.974512574,4.952665043,4.872640793,5.303307138
938.000000000,4.910770387,4.891216671,4.827197271,5.286574705
938.500000000,4.845618589,4.829768298,4.781753748,5.269842272
939.000000000,4.779425875,4.768319926,4.736310226,5.253109839
939.500000000,4.712567526,4.706871554,4.690866704,5.236377407
940.000000000,4.645423181,4.645423181,4.645423181,5.219644974
940.500000000,4.578374583,4.584918492,4.601785439,5.202912541
941.000000000,4.511803305,4.524413802,4.558147696,5.186180109
941.500000000,4.446088482,4.463909112,4.514509954,5.169447676
942.000000000,4.381604559,4.403404423,4.470872211,5.152715243
942.500000000,4.318719057,4.342899733,4.427234469,5.135982810
943.000000000,4.257790391,4.282395044,4.383596726,5.119250378
943.500000000,4.199165737,4.221890354,4.339958984,5.102517945
944.000000000,4.143178971,4.161385665,4.296321241,5.085785512
944.500000000,4.090148682,4.100880975,4.252683499,5.069053079
945.000000000,4.040376285,4.040376285,4.209045756,5.052320647
945.500000000,3.994144233,4.013605490,4.165408014,5.035588214
946.000000000,3.951714346,3.986834695,4.121770271,5.018855781
946.500000000,3.913326261,3.960063899,4.078132529,5.002123348
947.000000000,3.879196028,3.933293104,4.034494786,4.985390916
947.500000000,3.849514834,3.906522308,3.990857044,4.968658483
948.000000000,3.824447887,3.879751513,3.947219301,4.951926050
948.500000000,3.804133456,3.852980718,3.903581559,4.935193617
949.000000000,3.788682077,3.826209922,3.859943816,4.918461185
949.500000000,3.778175919,3.799439127,3.816306074,4.901728752
950.000000000,3.772668332,3.772668332,3.772668332,4.884996319
950.500000000,3.772183560,3.793762290,3.811552298,4.868263886
951.000000000,3.776716643,3.814856249,3.850436265,4.851531454
951.500000000,3.786233482,3.835950207,3.889320231,4.834799021
952.000000000,3.800671091,3.857044166,3.928204198,4.818066588
952.500000000,3.819938015,3.878138124,3.967088165,4.801334156
953.000000000,3.843914933,3.899232083,4.005972131,4.784601723
953.500000000,3.872455415,3.920326041,4.044856098,4.767869290
954.000000000,3.905386851,3.941420000,4.083740065,4.751136857
954.500000000,3.942511538,3.962513958,4.122624031,4.734404425
955.000000000,3.983607917,3.983607917,4.161507998,4.717671992
955.500000000,4.028431948,4.040281891,4.200391965,4.700939559
956.000000000,4.076718631,4.096955866,4.239275931,4.684207126
956.500000000,4.128183647,4.153629841,4.278159898,4.667474694
957.000000000,4.182525109,4.210303816,4.317043865,4.650742261
957.500000000,4.239425428,4.266977791,4.355927831,4.634009828
958.000000000,4.298553267,4.323651765,4.394811798,4.617277395
958.500000000,4.359565574,4.380325740,4.433695765,4.600544963
959.000000000,4.422109689,4.436999715,4.472579731,4.583812530
959.500000000,4.485825504,4.493673690,4.511463698,4.567080097
960.000000000,4.550347664,4.550347664,4.550347664,4.550347664
960.500000000,4.615307800,4.611338355,4.597491863,4.548669409
961.000000000,4.680336771,4.672329045,4.644636061,4.546991154
961.500000000,4.745066922,4.733319736,4.691780259,4.545312898
962.000000000,4.809134306,4.794310426,4.738924458,4.543634643
962.500000000,4.872180906,4.855301117,4.786068656,4.541956387
963.000000000,4.933856794,4.916291807,4.833212854,4.540278132
963.500000000,4.993822256,4.977282498,4.880357053,4.538599876
964.000000000,5.051749836,5.038273188,4.927501251,4.536921621
964.500000000,5.107326310,5.099263879,4.974645449,4.535243365
965.000000000,5.160254569,5.160254569,5.021789648,4.533565110
965.500000000,5.210255396,5.193552275,5.068933846,4.531886854
966.000000000,5.257069130,5.226849982,5.116078045,4.530208599
966.500000000,5.300457215,5.260147688,5.163222243,4.528530343
967.000000000,5.340203601,5.293445394,5.210366441,4.526852088
967.500000000,5.376116021,5.326743100,5.257510640,4.525173832
968.000000000,5.408027106,5.360040806,5.304654838,4.523495577
968.500000000,5.435795350,5.393338513,5.351799036,4.521817321
969.000000000,5.459305916,5.426636219,5.398943235,4.520139066
969.500000000,5.478471266,5.459933925,5.446087433,4.518460810
970.000000000,5.493231631,5.493231631,5.493231631,4.516782555
970.500000000,5.503555305,5.484441477,5.468908468,4.515104299
971.000000000,5.509438761,5.475651322,5.444585305,4.513426044
971.500000000,5.510906594,5.466861168,5.420262142,4.511747788
972.000000000,5.508011292,5.458071013,5.395938979,4.510069533
972.500000000,5.500832831,5.449280859,5.371615816,4.508391277
973.000000000,5.489478097,5.440490704,5.347292652,4.506713022
973.500000000,5.474080149,5.431700549,5.322969489,4.505034766
974.000000000,5.454797312,5.422910395,5.298646326,4.503356511
974.500000000,5.431812115,5.414120240,5.274323163,4.501678255
975.000000000,5.405330086,5.405330086,5.250000000,4.500000000
975.500000000,5.375578395,5.365473914,5.225676837,4.498321745
976.000000000,5.342804373,5.325617742,5.201353674,4.496643489
976.500000000,5.307273897,5.285761571,5.177030511,4.494965234
977.000000000,5.269269671,5.245905399,5.152707348,4.493286978
977.500000000,5.229089393,5.206049227,5.128384184,4.491608723
978.000000000,5.187043841,5.166193056,5.104061021,4.489930467
978.500000000,5.143454870,5.126336884,5.079737858,4.488252212
979.000000000,5.098653344,5.086480712,5.055414695,4.486573956
979.500000000,5.052977017,5.046624541,5.031091532,4.484895701
980.000000000,5.006768369,5.006768369,5.006768369,4.483217445
980.500000000,4.960372413,4.965066075,4.978912567,4.481539190
981.000000000,4.914134491,4.923363781,4.951056765,4.479860934
981.500000000,4.868398067,4.881661487,4.923200964,4.478182679
982.000000000,4.823502536,4.839959194,4.895345162,4.476504423
982.500000000,4.779781054,4.798256900,4.867489360,4.474826168
983.000000000,4.737558418,4.756554606,4.839633559,4.473147912
983.500000000,4.697148985,4.714852312,4.811777757,4.471469657
984.000000000,4.658854676,4.673150018,4.783921955,4.469791401
984.500000000,4.622963042,4.631447725,4.756066154,4.468113146
985.000000000,4.589745431,4.589745431,4.728210352,4.466434890
985.500000000,4.559455252,4.575736121,4.700354551,4.464756635
986.000000000,4.532326358,4.561726812,4.672498749,4.463078379
986.500000000,4.508571544,4.547717502,4.644642947,4.461400124
987.000000000,4.488381187,4.533708193,4.616787146,4.459721868
987.500000000,4.471922019,4.519698883,4.588931344,4.458043613
988.000000000,4.459336052,4.505689574,4.561075542,4.456365357
988.500000000,4.450739661,4.491680264,4.533219741,4.454687102
989.000000000,4.446222822,4.477670955,4.505363939,4.453008846
989.500000000,4.445848522,4.463661645,4.477508137,4.451330591
990.000000000,4.449652336,4.449652336,4.449652336,4.449652336
990.500000000,4.457642173,4.475260293,4.488536302,4.457919903
991.000000000,4.469798207,4.500868251,4.527420269,4.466187470
991.500000000,4.486072963,4.526476208,4.566304235,4.474455037
992.000000000,4.506391600,4.552084166,4.605188202,4.482722605
992.500000000,4.530652348,4.577692124,4.644072169,4.490990172
993.000000000,4.558727123,4.603300081,4.682956135,4.499257739
993.500000000,4.590462306,4.628908039,4.721840102,4.507525306
994.000000000,4.625679684,4.654515996,4.760724069,4.515792874
994.500000000,4.664177542,4.680123954,4.799608035,4.524060441
995.000000000,4.705731912,4.705731912,4.838492002,4.532328008
995.500000000,4.750097951,4.757891887,4.877375969,4.540595575
996.000000000,4.797011464,4.810051863,4.916259935,4.548863143
996.500000000,4.846190538,4.862211839,4.955143902,4.557130710
997.000000000,4.897337299,4.914371814,4.994027869,4.565398277
997.500000000,4.950139761,4.966531790,5.032911835,4.573665844
998.000000000,5.004273776,5.018691766,5.071795802,4.581933412
998.500000000,5.059405054,5.070851741,5.110679769,4.590200979
999.000000000,5.115191252,5.123011717,5.149563735,4.598468546
999.500000000,5.171284118,5.175171693,5.188447702,4.606736114
1000.000000000,5.227331668,5.227331668,5.227331668,4.615003681
1000.500000000,5.282980402,5.275560873,5.258693926,4.623271248
1001.000000000,5.337877516,5.323790078,5.290056184,4.631538815
1001.500000000,5.391673126,5.372019282,5.321418441,4.639806383
1002.000000000,5.444022472,5.420248487,5.352780699,4.648073950
1002.500000000,5.494588091,5.468477692,5.384142956,4.656341517
1003.000000000,5.543041953,5.516706896,5.415505214,4.664609084
1003.500000000,5.589067539,5.564936101,5.446867471,4.672876652
1004.000000000,5.632361848,5.613165305,5.478229729,4.681144219
1004.500000000,5.672637329,5.661394510,5.509591986,4.689411786
1005.000000000,5.709623715,5.709623715,5.540954244,4.697679353
1005.500000000,5.743069756,5.724119025,5.572316501,4.705946921
1006.000000000,5.772744836,5.738614335,5.603678759,4.714214488
1006.500000000,5.798440463,5.753109646,5.635041016,4.722482055
1007.000000000,5.819971628,5.767604956,5.666403274,4.730749622
1007.500000000,5.837178018,5.782100267,5.697765531,4.739017190
1008.000000000,5.849925082,5.796595577,5.729127789,4.747284757
1008.500000000,5.858104935,5.811090888,5.760490046,4.755552324
1009.000000000,5.861637102,5.825586198,5.791852304,4.763819891
1009.500000000,5.860469096,5.840081508,5.823214561,4.772087459
1010.000000000,5.854576819,5.854576819,5.854576819,4.780355026
1010.500000000,5.843964796,5.824194464,5.809133296,4.788622593
1011.000000000,5.828666229,5.793812108,5.763689774,4.796890161
1011.500000000,5.808742874,5.763429753,5.718246252,4.805157728
1012.000000000,5.784284746,5.733047398,5.672802729,4.813425295
1012.500000000,5.755409649,5.702665043,5.627359207,4.821692862
1013.000000000,5.722262534,5.672282688,5.581915685,4.829960430
1013.500000000,5.685014689,5.641900333,5.536472162,4.838227997
1014.000000000,5.643862772,5.611517977,5.491028640,4.846495564
1014.500000000,5.599027678,5.581135622,5.445585117,4.854763131
1015.000000000,5.550753267,5.550753267,5.400141595,4.863030699
1015.500000000,5.499304941,5.490248577,5.354698073,4.871298266
1016.000000000,5.444968093,5.429743888,5.309254550,4.879565833
1016.500000000,5.388046429,5.369239198,5.263811028,4.887833400
1017.000000000,5.328860180,5.308734509,5.218367506,4.896100968
1017.500000000,5.267744205,5.248229819,5.172923983,4.904368535
1018.000000000,5.205046011,5.187725130,5.127480461,4.912636102
1018.500000000,5.141123683,5.127220440,5.082036938,4.920903669
1019.000000000,5.076343759,5.066715750,5.036593416,4.929171237
1019.500000000,5.011079040,5.006211061,4.991149894,4.937438804
1020.000000000,4.945706371,4.945706371,4.945706371,4.945706371
1020.500000000,4.880604386,4.887869559,4.905367953,4.963277932
1021.000000000,4.816151243,4.830032746,4.865029534,4.980849492
1021.500000000,4.752722362,4.772195934,4.824691116,4.998421053
1022.000000000,4.690688176,4.714359121,4.784352698,5.015992613
1022.500000000,4.630411909,4.656522308,4.744014279,5.033564174
1023.000000000,4.572247399,4.598685496,4.703675861,5.051135734
1023.500000000,4.516536973,4.540848683,4.663337442,5.068707295
1024.000000000,4.463609393,4.483011871,4.622999024,5.086278855
1024.500000000,4.413777883,4.425175058,4.582660605,5.103850416
1025.000000000,4.367338246,4.367338246,4.542322187,5.121421976
1025.500000000,4.324567086,4.344498221,4.501983768,5.138993537
1026.000000000,4.285720153,4.321658197,4.461645350,5.156565097
1026.500000000,4.251030799,4.298818173,4.421306932,5.174136657
1027.000000000,4.220708585,4.275978148,4.380968513,5.191708218
1027.500000000,4.194938015,4.253138124,4.340630095,5.209279778
1028.000000000,4.173877439,4.230298100,4.300291676,5.226851339
1028.500000000,4.157658098,4.207458075,4.259953258,5.244422899
1029.000000000,4.146383341,4.184618051,4.219614839,5.261994460
1029.500000000,4.140128012,4.161778027,4.179276421,5.279566020
1030.000000000,4.138938002,4.138938002,4.138938002,5.297137581
1030.500000000,4.142829983,4.164545960,4.182237327,5.314709141
1031.000000000,4.151791315,4.190153918,4.225536651,5.332280702
1031.500000000,4.165780130,4.215761875,4.268835975,5.349852262
1032.000000000,4.184725597,4.241369833,4.312135299,5.367423823
1032.500000000,4.208528353,4.266977791,4.355434623,5.384995383
1033.000000000,4.237061119,4.292585748,4.398733947,5.402566944
1033.500000000,4.270169473,4.318193706,4.442033271,5.420138504
1034.000000000,4.307672792,4.343801663,4.485332595,5.437710065
1034.500000000,4.349365352,4.369409621,4.528631919,5.455281625
1035.000000000,4.395017579,4.395017579,4.571931243,5.472853186
1035.500000000,4.444377442,4.456008269,4.615230567,5.490424746
1036.000000000,4.497171983,4.516998960,4.658529891,5.507996307
1036.500000000,4.553108975,4.577989650,4.701829215,5.525567867
1037.000000000,4.611878686,4.638980340,4.745128539,5.543139428
1037.500000000,4.673155757,4.699971031,4.788427863,5.560710988
1038.000000000,4.736601174,4.760961721,4.831727187,5.578282549
1038.500000000,4.801864310,4.821952412,4.875026511,5.595854109
1039.000000000,4.868585048,4.882943102,4.918325835,5.613425669
1039.500000000,4.936395952,4.943933793,4.961625159,5.630997230
1040.000000000,5.004924483,5.004924483,5.004924483,5.648568790
1040.500000000,5.073795243,5.069288207,5.054678259,5.666140351
1041.000000000,5.142632233,5.133651930,5.104432035,5.683711911
1041.500000000,5.211061114,5.198015653,5.154185811,5.701283472
1042.000000000,5.278711453,5.262379377,5.203939587,5.718855032
1042.500000000,5.345218946,5.326743100,5.253693362,5.736426593
1043.000000000,5.410227593,5.391106824,5.303447138,5.753998153
1043.500000000,5.473391834,5.455470547,5.353200914,5.771569714
1044.000000000,5.534378600,5.519834270,5.402954690,5.789141274
1044.500000000,5.592869302,5.584197994,5.452708466,5.806712835
1045.000000000,5.648561717,5.648561717,5.502462242,5.824284395
1045.500000000,5.701171779,5.683705545,5.552216017,5.841855956
1046.000000000,5.750435251,5.718849374,5.601969793,5.859427516
1046.500000000,5.796109277,5.753993202,5.651723569,5.876999077
1047.000000000,5.837973798,5.789137030,5.701477345,5.894570637
1047.500000000,5.875832831,5.824280859,5.751231121,5.912142198
1048.000000000,5.909515591,5.859424687,5.800984897,5.929713758
1048.500000000,5.938877466,5.894568515,5.850738672,5.947285319
1049.000000000,5.963800822,5.929712343,5.900492448,5.964856879
1049.500000000,5.984195641,5.964856172,5.950246224,5.982428440
1050.000000000,6.000000000,6.000000000,6.000000000,6.000000000
1050.500000000,6.011180359,5.991209845,5.974753776,5.992571560
1051.000000000,6.017731689,5.982419691,5.949507552,5.985143121
1051.500000000,6.019677414,5.973629536,5.924261328,5.977714681
1052.000000000,6.017069183,5.964839382,5.899015103,5.970286242
1052.500000000,6.009986468,5.956049227,5.873768879,5.962857802
1053.000000000,5.998535989,5.947259073,5.848522655,5.955429363
1053.500000000,5.982850970,5.938468918,5.823276431,5.948000923
1054.000000000,5.963090241,5.929678764,5.798030207,5.940572484
1054.500000000,5.939437169,5.920888609,5.772783983,5.933144044
1055.000000000,5.912098455,5.912098455,5.747537758,5.925715605
1055.500000000,5.881302771,5.870396161,5.722291534,5.918287165
1056.000000000,5.847299279,5.828693867,5.697045310,5.910858726
1056.500000000,5.810356013,5.786991573,5.671799086,5.903430286
1057.000000000,5.770758156,5.745289279,5.646552862,5.896001847
1057.500000000,5.728806203,5.703586986,5.621306638,5.888573407
1058.000000000,5.684814038,5.661884692,5.596060413,5.881144968
1058.500000000,5.639106931,5.620182398,5.570814189,5.873716528
1059.000000000,5.592019464,5.578480104,5.545567965,5.866288089
1059.500000000,5.543893400,5.536777810,5.520321741,5.858859649
1060.000000000,5.495075517,5.495075517,5.495075517,5.851431210
1060.500000000,5.445915404,5.450000190,5.463374841,5.844002770
1061.000000000,5.396763255,5.404924863,5.431674165,5.836574331
1061.500000000,5.347967645,5.359849537,5.399973489,5.829145891
1062.000000000,5.299873335,5.314774210,5.368272813,5.821717451
1062.500000000,5.252819094,5.269698883,5.336572137,5.814289012
1063.000000000,5.207135565,5.224623556,5.304871461,5.806860572
1063.500000000,5.163143178,5.179548230,5.273170785,5.799432133
1064.000000000,5.121150138,5.134472903,5.241470109,5.792003693
1064.500000000,5.081450486,5.089397576,5.209769433,5.784575254
1065.000000000,5.044322250,5.044322250,5.178068757,5.777146814
1065.500000000,5.010025700,5.025996224,5.146368081,5.769718375
1066.000000000,4.978801716,5.007670199,5.114667405,5.762289935
1066.500000000,4.950870280,4.989344174,5.082966729,5.754861496
1067.000000000,4.926429094,4.971018149,5.051266053,5.747433056
1067.500000000,4.905652348,4.952692124,5.019565377,5.740004617
1068.000000000,4.888689629,4.934366098,4.987864701,5.732576177
1068.500000000,4.875664989,4.916040073,4.956164025,5.725147738
1069.000000000,4.866676174,4.897714048,4.924463349,5.717719298
1069.500000000,4.861794016,4.879388023,4.892762673,5.710290859
1070.000000000,4.861061998,4.861061998,4.861061998,5.702862419
1070.500000000,4.864495987,4.882155956,4.895723579,5.695433980
1071.000000000,4.872084148,4.903249915,4.930385161,5.688005540
1071.500000000,4.883787022,4.924343873,4.965046742,5.680577101
1072.000000000,4.899537787,4.945437832,4.999708324,5.673148661
1072.500000000,4.919242686,4.966531790,5.034369905,5.665720222
1073.000000000,4.942781629,4.987625749,5.069031487,5.658291782
1073.500000000,4.970008954,5.008719707,5.103693068,5.650863343
1074.000000000,5.000754355,5.029813666,5.138354650,5.643434903
1074.500000000,5.034823965,5.050907624,5.173016232,5.636006463
1075.000000000,5.072001583,5.072001583,5.207677813,5.628578024
1075.500000000,5.112050044,5.120230787,5.242339395,5.621149584
1076.000000000,5.154712728,5.168459992,5.277000976,5.613721145
1076.500000000,5.199715180,5.216689196,5.311662558,5.606292705
1077.000000000,5.246766851,5.264918401,5.346324139,5.598864266
1077.500000000,5.295562942,5.313147606,5.380985721,5.591435826
1078.000000000,5.345786333,5.361376810,5.415647302,5.584007387
1078.500000000,5.397109592,5.409606015,5.450308884,5.576578947
1079.000000000,5.449197060,5.457835220,5.484970466,5.569150508
1079.500000000,5.501706971,5.506064424,5.519632047,5.561722068
1080.000000000,5.554293629,5.554293629,5.554293629,5.554293629
1080.500000000,5.606609603,5.599854956,5.583850106,5.537561196
1081.000000000,5.658307939,5.645416284,5.613406584,5.520828763
1081.500000000,5.709044362,5.690977612,5.642963062,5.504096331
1082.000000000,5.758479480,5.736538939,5.672519539,5.487363898
1082.500000000,5.806280943,5.782100267,5.702076017,5.470631465
1083.000000000,5.852125570,5.827661594,5.731632494,5.453899032
1083.500000000,5.895701418,5.873222922,5.761188972,5.437166600
1084.000000000,5.936709786,5.918784250,5.790745450,5.420434167
1084.500000000,5.974867132,5.964345577,5.820301927,5.403701734
1085.000000000,6.009906905,6.009906905,5.849858405,5.386969301
1085.500000000,6.041581270,6.023458532,5.879414883,5.370236869
1086.000000000,6.069662720,6.037010160,5.908971360,5.353504436
1086.500000000,6.093945557,6.050561788,5.938527838,5.336772003
1087.000000000,6.114247252,6.064113415,5.968084315,5.320039570
1087.500000000,6.130409649,6.077665043,5.997640793,5.303307138
1088.000000000,6.142300028,6.091216671,6.027197271,5.286574705
1088.500000000,6.149812006,6.104768298,6.056753748,5.269842272
1089.000000000,6.152866282,6.118319926,6.086310226,5.253109839
1089.500000000,6.151411204,6.131871554,6.115866704,5.236377407
1090.000000000,6.145423181,6.145423181,6.145423181,5.219644974
1090.500000000,6.134906905,6.115984509,6.101785439,5.202912541
1091.000000000,6.119895409,6.086545836,6.058147696,5.186180109
1091.500000000,6.100449946,6.057107164,6.014509954,5.169447676
1092.000000000,6.076659692,6.027668492,5.970872211,5.152715243
1092.500000000,6.048641281,5.998229819,5.927234469,5.135982810
1093.000000000,6.016538159,5.968791147,5.883596726,5.119250378
1093.500000000,5.980519784,5.939352474,5.839958984,5.102517945
1094.000000000,5.940780656,5.909913802,5.796321241,5.085785512
1094.500000000,5.897539193,5.880475130,5.752683499,5.069053079
1095.000000000,5.851036457,5.851036457,5.709045756,5.052320647
1095.500000000,5.801534744,5.793199645,5.665408014,5.035588214
1096.000000000,5.749316031,5.735362832,5.621770271,5.018855781
1096.500000000,5.694680308,5.677526019,5.578132529,5.002123348
1097.000000000,5.637943796,5.619689207,5.534494786,4.985390916
1097.500000000,5.579437058,5.561852394,5.490857044,4.968658483
1098.000000000,5.519503020,5.504015582,5.447219301,4.951926050
1098.500000000,5.458494919,5.446178769,5.403581559,4.935193617
1099.000000000,5.396774181,5.388341957,5.359943816,4.918461185
1099.500000000,5.334708241,5.330505144,5.316306074,4.901728752
1100.000000000,5.272668332,5.272668332,5.272668332,4.884996319
1100.500000000,5.211027239,5.218762290,5.236552298,4.868263886
1101.000000000,5.150157050,5.164856249,5.200436265,4.851531454
1101.500000000,5.090426900,5.110950207,5.164320231,4.834799021
1102.000000000,5.032200732,5.057044166,5.128204198,4.818066588
1102.500000000,4.975835090,5.003138124,5.092088165,4.801334156
1103.000000000,4.921676951,4.949232083,5.055972131,4.784601723
1103.500000000,4.870061614,4.895326041,5.019856098,4.767869290
1104.000000000,4.821310657,4.841420000,4.983740065,4.751136857
1104.500000000,4.775729976,4.787513958,4.947624031,4.734404425
1105.000000000,4.733607917,4.733607917,4.911507998,4.717671992
1105.500000000,4.695213510,4.715281891,4.875391965,4.700939559
1106.000000000,4.660794825,4.696955866,4.839275931,4.684207126
1106.500000000,4.630577447,4.678629841,4.803159898,4.667474694
1107.000000000,4.604763091,4.660303816,4.767043865,4.650742261
1107.500000000,4.583528353,4.641977791,4.730927831,4.634009828
1108.000000000,4.567023625,4.623651765,4.694811798,4.617277395
1108.500000000,4.555372156,4.605325740,4.658695765,4.600544963
1109.000000000,4.548669283,4.586999715,4.622579731,4.583812530
1109.500000000,4.546981826,4.568673690,4.586463698,4.567080097
1110.000000000,4.550347664,4.550347664,4.550347664,4.550347664
1110.500000000,4.558775477,4.580272338,4.597491863,4.573669409
1111.000000000,4.572244667,4.610197011,4.644636061,4.596991154
1111.500000000,4.590705458,4.640121684,4.691780259,4.620312898
1112.000000000,4.614079173,4.670046358,4.738924458,4.643634643
1112.500000000,4.642258682,4.699971031,4.786068656,4.666956387
1113.000000000,4.675109026,4.729895704,4.833212854,4.690278132
1113.500000000,4.712468209,4.759820378,4.880357053,4.713599876
1114.000000000,4.754148151,4.789745051,4.927501251,4.736921621
1114.500000000,4.799935800,4.819669724,4.974645449,4.760243365
1115.000000000,4.849594397,4.849594397,5.021789648,4.783565110
1115.500000000,4.902864885,4.913958121,5.068933846,4.806886854
1116.000000000,4.959467445,4.978321844,5.116078045,4.830208599
1116.500000000,5.019103168,5.042685568,5.163222243,4.853530343
1117.000000000,5.081455833,5.107049291,5.210366441,4.876852088
1117.500000000,5.146193797,5.171413014,5.257510640,4.900173832
1118.000000000,5.212971973,5.235776738,5.304654838,4.923495577
1118.500000000,5.281433887,5.300140461,5.351799036,4.946817321
1119.000000000,5.351213812,5.364504184,5.398943235,4.970139066
1119.500000000,5.421938944,5.428867908,5.446087433,4.993460810
1120.000000000,5.493231631,5.493231631,5.493231631,5.016782555
1120.500000000,5.564711627,5.559441477,5.543908468,5.040104299
1121.000000000,5.635998354,5.625651322,5.594585305,5.063426044
1121.500000000,5.706713176,5.691861168,5.645262142,5.086747788
1122.000000000,5.776481650,5.758071013,5.695938979,5.110069533
1122.500000000,5.844935755,5.824280859,5.746615816,5.133391277
1123.000000000,5.911716079,5.890490704,5.797292652,5.156713022
1123.500000000,5.976473950,5.956700549,5.847969489,5.180034766
1124.000000000,6.038873505,6.022910395,5.898646326,5.203356511
1124.500000000,6.098593677,6.089120240,5.949323163,5.226678255
1125.000000000,6.155330086,6.155330086,6.000000000,5.250000000
1125.500000000,6.208796833,6.190473914,6.050676837,5.273321745
1126.000000000,6.258728180,6.225617742,6.101353674,5.296643489
1126.500000000,6.304880097,6.260761571,6.152030511,5.319965234
1127.000000000,6.347031689,6.295905399,6.202707348,5.343286978
1127.500000000,6.384986468,6.331049227,6.253384184,5.366608723
1128.000000000,6.418573483,6.366193056,6.304061021,5.389930467
1128.500000000,6.447648287,6.401336884,6.354737858,5.413252212
1129.000000000,6.472093750,6.436480712,6.405414695,5.436573956
1129.500000000,6.491820695,6.471624541,6.456091532,5.459895701
1130.000000000,6.506768369,6.506768369,6.506768369,5.483217445
1130.500000000,6.516904735,6.496132092,6.478912567,5.506539190
1131.000000000,6.522226595,6.485495816,6.451056765,5.529860934
1131.500000000,6.522759530,6.474859539,6.423200964,5.553182679
1132.000000000,6.518557669,6.464223262,6.395345162,5.576504423
1132.500000000,6.509703278,6.453586986,6.367489360,5.599826168
1133.000000000,6.496306185,6.442950709,6.339633559,5.623147912
1133.500000000,6.478503032,6.432314432,6.311777757,5.646469657
1134.000000000,6.456456361,6.421678156,6.283921955,5.669791401
1134.500000000,6.430353553,6.411041879,6.256066154,5.693113146
1135.000000000,6.400405603,6.400405603,6.228210352,5.716434890
1135.500000000,6.366845762,6.355330276,6.200354551,5.739756635
1136.000000000,6.329928043,6.310254949,6.172498749,5.763078379
1136.500000000,6.289925591,6.265179622,6.144642947,5.786400124
1137.000000000,6.247128955,6.220104296,6.116787146,5.809721868
1137.500000000,6.201844243,6.175028969,6.088931344,5.833043613
1138.000000000,6.154391185,6.129953642,6.061075542,5.856365357
1138.500000000,6.105101124,6.084878316,6.033219741,5.879687102
1139.000000000,6.054314926,6.039802989,6.005363939,5.903008846
1139.500000000,6.002380844,5.994727662,5.977508137,5.926330591
1140.000000000,5.949652336,5.949652336,5.949652336,5.949652336
1140.500000000,5.896485852,5.900260293,5.913536302,5.957919903
1141.000000000,5.843238613,5.850868251,5.877420269,5.966187470
1141.500000000,5.790266380,5.801476208,5.841304235,5.974455037
1142.000000000,5.737921242,5.752084166,5.805188202,5.982722605
1142.500000000,5.686549423,5.702692124,5.769072169,5.990990172
1143.000000000,5.636489141,5.653300081,5.732956135,5.999257739
1143.500000000,5.588068506,5.603908039,5.696840102,6.007525306
1144.000000000,5.541603490,5.554515996,5.660724069,6.015792874
1144.500000000,5.497395980,5.505123954,5.624608035,6.024060441
1145.000000000,5.455731912,5.455731912,5.588492002,6.032328008
1145.500000000,5.416879513,5.432891887,5.552375969,6.040595575
1146.000000000,5.381087658,5.410051863,5.516259935,6.048863143
1146.500000000,5.348584339,5.387211839,5.480143902,6.057130710
1147.000000000,5.319575281,5.364371814,5.444027869,6.065398277
1147.500000000,5.294242686,5.341531790,5.407911835,6.073665844
1148.000000000,5.272744135,5.318691766,5.371795802,6.081933412
1148.500000000,5.255211637,5.295851741,5.335679769,6.090200979
1149.000000000,5.241750846,5.273011717,5.299563735,6.098468546
1149.500000000,5.232440439,5.250171693,5.263447702,6.106736114
1150.000000000,5.227331668,5.227331668,5.227331668,6.115003681
1150.500000000,5.226448080,5.244494856,5.258693926,6.123271248
1151.000000000,5.229785412,5.261658043,5.290056184,6.131538815
1151.500000000,5.237311663,5.278821231,5.321418441,6.139806383
1152.000000000,5.248967339,5.295984418,5.352780699,6.148073950
1152.500000000,5.264665867,5.313147606,5.384142956,6.156341517
1153.000000000,5.284294185,5.330310793,5.415505214,6.164609084
1153.500000000,5.307713492,5.347473981,5.446867471,6.172876652
1154.000000000,5.334760163,5.364637168,5.478229729,6.181144219
1154.500000000,5.365246818,5.381800355,5.509591986,6.189411786
1155.000000000,5.398963543,5.398963543,5.540954244,6.197679353
1155.500000000,5.435679245,5.444524870,5.572316501,6.205946921
1156.000000000,5.475143151,5.490086198,5.603678759,6.214214488
1156.500000000,5.517086416,5.535647526,5.635041016,6.222482055
1157.000000000,5.561223860,5.581208853,5.666403274,6.230749622
1157.500000000,5.607255795,5.626770181,5.697765531,6.239017190
1158.000000000,5.654869949,5.672331508,5.729127789,6.247284757
1158.500000000,5.703743472,5.717892836,5.760490046,6.255552324
1159.000000000,5.753544998,5.763454164,5.791852304,6.263819891
1159.500000000,5.803936774,5.809015491,5.823214561,6.272087459
1160.000000000,5.854576819,5.854576819,5.854576819,6.280355026
1160.500000000,5.905121118,5.899194464,5.884133296,6.288622593
1161.000000000,5.955225823,5.943812108,5.913689774,6.296890161
1161.500000000,6.004549457,5.988429753,5.943246252,6.305157728
1162.000000000,6.052755105,6.033047398,5.972802729,6.313425295
1162.500000000,6.099512574,6.077665043,6.002359207,6.321692862
1163.000000000,6.144500516,6.122282688,6.031915685,6.329960430
1163.500000000,6.187408490,6.166900333,6.061472162,6.338227997
1164.000000000,6.227938965,6.211517977,6.091028640,6.346495564
1164.500000000,6.265809240,6.256135622,6.120585117,6.354763131
1165.000000000,6.300753267,6.300753267,6.150141595,6.363030699
1165.500000000,6.332523379,6.315248577,6.179698073,6.371298266
1166.000000000,6.360891899,6.329743888,6.209254550,6.379565833
1166.500000000,6.385652628,6.344239198,6.238811028,6.387833400
1167.000000000,6.406622198,6.358734509,6.268367506,6.396100968
1167.500000000,6.423641281,6.373229819,6.297923983,6.404368535
1168.000000000,6.436575653,6.387725130,6.327480461,6.412636102
1168.500000000,6.445317101,6.402220440,6.357036938,6.420903669
1169.000000000,6.449784165,6.416715750,6.386593416,6.429171237
1169.500000000,6.449922719,6.431211061,6.416149894,6.437438804
1170.000000000,6.445706371,6.445706371,6.445706371,6.445706371
1170.500000000,6.437136708,6.418935576,6.405367953,6.438277932
1171.000000000,6.424243347,6.392164780,6.365029534,6.430849492
1171.500000000,6.407083825,6.365393985,6.324691116,6.423421053
1172.000000000,6.385743309,6.338623190,6.284352698,6.415992613
1172.500000000,6.360334133,6.311852394,6.244014279,6.408564174
1173.000000000,6.330995167,6.285081599,6.203675861,6.401135734
1173.500000000,6.297891020,6.258310804,6.163337442,6.393707295
1174.000000000,6.261211078,6.231540008,6.122999024,6.386278855
1174.500000000,6.221168394,6.204769213,6.082660605,6.378850416
1175.000000000,6.177998417,6.177998417,6.042322187,6.371421976
1175.500000000,6.131957597,6.124092376,6.001983768,6.363993537
1176.000000000,6.083321838,6.070186334,5.961645350,6.356565097
1176.500000000,6.032384846,6.016280293,5.921306932,6.349136657
1177.000000000,5.979456353,5.962374251,5.880968513,6.341708218
1177.500000000,5.924860239,5.908468210,5.840630095,6.334279778
1178.000000000,5.868932572,5.854562168,5.800291676,6.326851339
1178.500000000,5.812019561,5.800656127,5.759953258,6.319422899
1179.000000000,5.754475445,5.746750085,5.719614839,6.311994460
1179.500000000,5.696660334,5.692844044,5.679276421,6.304566020
1180.000000000,5.638938002,5.638938002,5.638938002,6.297137581
1180.500000000,5.581673662,5.589545960,5.607237327,6.289709141
1181.000000000,5.525231722,5.540153918,5.575536651,6.282280702
1181.500000000,5.469973548,5.490761875,5.543835975,6.274852262
1182.000000000,5.416255238,5.441369833,5.512135299,6.267423823
1182.500000000,5.364425428,5.391977791,5.480434623,6.259995383
1183.000000000,5.314823138,5.342585748,5.448733947,6.252566944
1183.500000000,5.267775673,5.293193706,5.417033271,6.245138504
1184.000000000,5.223596599,5.243801663,5.385332595,6.237710065
1184.500000000,5.182583790,5.194409621,5.353631919,6.230281625
1185.000000000,5.145017579,5.145017579,5.321931243,6.222853186
1185.500000000,5.111159004,5.131008269,5.290230567,6.215424746
1186.000000000,5.081248177,5.116998960,5.258529891,6.207996307
1186.500000000,5.055502775,5.102989650,5.226829215,6.200567867
1187.000000000,5.034116667,5.088980340,5.195128539,6.193139428
1187.500000000,5.017258682,5.074971031,5.163427863,6.185710988
1188.000000000,5.005071532,5.060961721,5.131727187,6.178282549
1188.500000000,4.997670892,5.046952412,5.100026511,6.170854109
1189.000000000,4.995144641,5.032943102,5.068325835,6.163425669
1189.500000000,4.997552273,5.018933793,5.036625159,6.155997230
1190.000000000,5.004924483,5.004924483,5.004924483,6.148568790
1190.500000000,5.017262921,5.038222190,5.054678259,6.141140351
1191.000000000,5.034540129,5.071519896,5.104432035,6.133711911
1191.500000000,5.056699651,5.104817602,5.154185811,6.126283472
1192.000000000,5.083656320,5.138115308,5.203939587,6.118855032
1192.500000000,5.115296722,5.171413014,5.253693362,6.111426593
1193.000000000,5.151479825,5.204710721,5.303447138,6.103998153
1193.500000000,5.192037787,5.238008427,5.353200914,6.096569714
1194.000000000,5.236776915,5.271306133,5.402954690,6.089141274
1194.500000000,5.285478791,5.304603839,5.452708466,6.081712835
1195.000000000,5.337901545,5.337901545,5.502462242,6.074284395
1195.500000000,5.393781269,5.404111391,5.552216017,6.066855956
1196.000000000,5.452833566,5.470321236,5.601969793,6.059427516
1196.500000000,5.514755230,5.536531082,5.651723569,6.051999077
1197.000000000,5.579226030,5.602740927,5.701477345,6.044570637
1197.500000000,5.645910607,5.668950773,5.751231121,6.037142198
1198.000000000,5.714460458,5.735160618,5.800984897,6.029713758
1198.500000000,5.784516003,5.801370464,5.850738672,6.022285319
1199.000000000,5.855708717,5.867580309,5.900492448,6.014856879
1199.500000000,5.927663319,5.933790155,5.950246224,6.007428440
1200.000000000,6.000000000,6.000000000,6.000000000,6.000000000
